2026-07-09 23:22:41 | INFO     | pipeline | Pipeline start | stage=generate_outliers | dry_run=False | project=/home/tandat/Desktop/Du_An_Tot_Nghiep

[4/8] Generate Outliers CSV (GMM-IF + Physical Guardrail)
2026-07-09 23:22:41 | INFO     | pipeline | [4/7] START | Generate Outliers CSV (GMM-IF + Physical Guardrail)

[Generate Outliers] Running 01_export_parquet.py...
/home/tandat/Desktop/Du_An_Tot_Nghiep/srcs/02_transform/02_generate_outliers/01_export_parquet.py:159: UserWarning: pandas only supports SQLAlchemy connectable (engine/connection) or database string URI or sqlite3 DBAPI2 connection. Other DBAPI2 objects are not tested. Please consider using SQLAlchemy.
  df = pd.read_sql_query(spec.select_sql, conn)
/home/tandat/Desktop/Du_An_Tot_Nghiep/srcs/02_transform/02_generate_outliers/01_export_parquet.py:159: UserWarning: pandas only supports SQLAlchemy connectable (engine/connection) or database string URI or sqlite3 DBAPI2 connection. Other DBAPI2 objects are not tested. Please consider using SQLAlchemy.
  df = pd.read_sql_query(spec.select_sql, conn)
/home/tandat/Desktop/Du_An_Tot_Nghiep/srcs/02_transform/02_generate_outliers/01_export_parquet.py:159: UserWarning: pandas only supports SQLAlchemy connectable (engine/connection) or database string URI or sqlite3 DBAPI2 connection. Other DBAPI2 objects are not tested. Please consider using SQLAlchemy.
  df = pd.read_sql_query(spec.select_sql, conn)
/home/tandat/Desktop/Du_An_Tot_Nghiep/srcs/02_transform/02_generate_outliers/01_export_parquet.py:159: UserWarning: pandas only supports SQLAlchemy connectable (engine/connection) or database string URI or sqlite3 DBAPI2 connection. Other DBAPI2 objects are not tested. Please consider using SQLAlchemy.
  df = pd.read_sql_query(spec.select_sql, conn)
/home/tandat/Desktop/Du_An_Tot_Nghiep/srcs/02_transform/02_generate_outliers/01_export_parquet.py:159: UserWarning: pandas only supports SQLAlchemy connectable (engine/connection) or database string URI or sqlite3 DBAPI2 connection. Other DBAPI2 objects are not tested. Please consider using SQLAlchemy.
  df = pd.read_sql_query(spec.select_sql, conn)
/home/tandat/Desktop/Du_An_Tot_Nghiep/srcs/02_transform/02_generate_outliers/01_export_parquet.py:175: UserWarning: pandas only supports SQLAlchemy connectable (engine/connection) or database string URI or sqlite3 DBAPI2 connection. Other DBAPI2 objects are not tested. Please consider using SQLAlchemy.
  pd.read_sql_query(spec.select_sql, conn, chunksize=chunk_size),
/home/tandat/Desktop/Du_An_Tot_Nghiep/srcs/02_transform/02_generate_outliers/01_export_parquet.py:175: UserWarning: pandas only supports SQLAlchemy connectable (engine/connection) or database string URI or sqlite3 DBAPI2 connection. Other DBAPI2 objects are not tested. Please consider using SQLAlchemy.
  pd.read_sql_query(spec.select_sql, conn, chunksize=chunk_size),
Output dir: /home/tandat/Desktop/Du_An_Tot_Nghiep/data/processed/temp_staging_buffers
Tables: dim_date, dim_geography, dim_solar_site, dim_time, dim_weather_type, fact_solar_energy_gen, fact_weather
Mode: Supabase read-only, local parquet write

[dim_date] expected_rows=2,312
  wrote=temp_dim_date.parquet rows=2,312 size=0.02MB status=PASS elapsed=0.4s

[dim_geography] expected_rows=42
  wrote=temp_dim_geography.parquet rows=42 size=0.00MB status=PASS elapsed=0.1s

[dim_solar_site] expected_rows=42
  wrote=temp_dim_solar_site.parquet rows=42 size=0.01MB status=PASS elapsed=0.1s

[dim_time] expected_rows=96
  wrote=temp_dim_time.parquet rows=96 size=0.00MB status=PASS elapsed=0.1s

[dim_weather_type] expected_rows=22
  wrote=temp_dim_weather_type.parquet rows=22 size=0.00MB status=PASS elapsed=0.1s

[fact_solar_energy_gen] expected_rows=2,731,946
    chunk=  1 rows=  200,000 total=     200,000
    chunk=  2 rows=  200,000 total=     400,000
    chunk=  3 rows=  200,000 total=     600,000
    chunk=  4 rows=  200,000 total=     800,000
    chunk=  5 rows=  200,000 total=   1,000,000
    chunk=  6 rows=  200,000 total=   1,200,000
    chunk=  7 rows=  200,000 total=   1,400,000
    chunk=  8 rows=  200,000 total=   1,600,000
    chunk=  9 rows=  200,000 total=   1,800,000
    chunk= 10 rows=  200,000 total=   2,000,000
    chunk= 11 rows=  200,000 total=   2,200,000
    chunk= 12 rows=  200,000 total=   2,400,000
    chunk= 13 rows=  200,000 total=   2,600,000
    chunk= 14 rows=  131,946 total=   2,731,946
  wrote=temp_fact_solar_energy_gen.parquet rows=2,731,946 size=17.55MB status=PASS elapsed=9.6s

[fact_weather] expected_rows=850,752
    chunk=  1 rows=  200,000 total=     200,000
    chunk=  2 rows=  200,000 total=     400,000
    chunk=  3 rows=  200,000 total=     600,000
    chunk=  4 rows=  200,000 total=     800,000
    chunk=  5 rows=   50,752 total=     850,752
  wrote=temp_fact_weather.parquet rows=850,752 size=2.35MB status=PASS elapsed=8.6s

Manifest: /home/tandat/Desktop/Du_An_Tot_Nghiep/data/processed/temp_staging_buffers/temp_export_manifest.csv
Total elapsed: 19.1s
2026-07-09 23:23:02 | INFO     | pipeline | Hoàn tất script 01_export_parquet.py

[Generate Outliers] Running 02_gmm_if.py...
Loaded 2,731,946 rows across 42 sites
 solar_rows  site_count       min_timestamp       max_timestamp  energy_null_rows  energy_negative_rows
    2731946          42 2020-01-01 00:15:00 2022-04-23 23:45:00                 0                     0
  site   1 | rows_valid= 79,319 | gmm=1,096 | if=1,099 | phys=   47 | out=  235
  site   2 | rows_valid= 79,319 | gmm=  987 | if=1,099 | phys=   69 | out=  306
  site   3 | rows_valid= 79,319 | gmm=  744 | if=1,099 | phys=   51 | out=  212
  site   4 | rows_valid= 47,215 | gmm=  253 | if=  656 | phys=    0 | out=  130
  site   5 | rows_valid= 47,215 | gmm=  276 | if=  642 | phys=    0 | out=  117
  site   6 | rows_valid= 42,041 | gmm=  536 | if=  574 | phys=   26 | out=  115
  site   7 | rows_valid= 79,319 | gmm=  840 | if=1,062 | phys=   28 | out=  177
  site   8 | rows_valid= 42,041 | gmm=1,858 | if=  574 | phys=   42 | out=  213
  site   9 | rows_valid= 79,319 | gmm=  765 | if=1,076 | phys=    5 | out=  149
  site  10 | rows_valid= 79,319 | gmm=  615 | if=1,076 | phys=   76 | out=  187
  site  11 | rows_valid= 42,041 | gmm=  706 | if=  574 | phys=   35 | out=   99
  site  12 | rows_valid= 79,319 | gmm=  774 | if=1,076 | phys=   20 | out=  171
  site  13 | rows_valid= 77,303 | gmm=  514 | if=1,052 | phys=   41 | out=  161
  site  14 | rows_valid= 63,964 | gmm=  545 | if=  885 | phys=   37 | out=  172
  site  15 | rows_valid= 65,020 | gmm=  604 | if=  898 | phys=   35 | out=  159
  site  16 | rows_valid= 47,124 | gmm=  195 | if=  649 | phys=   11 | out=  121
  site  17 | rows_valid= 64,252 | gmm=  415 | if=  888 | phys=   26 | out=  143
  site  18 | rows_valid= 61,843 | gmm=1,014 | if=  857 | phys=   38 | out=  208
  site  19 | rows_valid= 62,908 | gmm=1,000 | if=  871 | phys=   44 | out=  194
  site  20 | rows_valid= 64,252 | gmm=  706 | if=  888 | phys=   48 | out=  191
  site  21 | rows_valid= 64,252 | gmm=  472 | if=  888 | phys=   37 | out=  160
  site  22 | rows_valid= 64,252 | gmm=  706 | if=  888 | phys=   30 | out=  196
  site  23 | rows_valid= 58,700 | gmm=  418 | if=  816 | phys=   62 | out=  168
  site  24 | rows_valid= 64,252 | gmm=  806 | if=  888 | phys=   11 | out=  131
  site  25 | rows_valid= 62,908 | gmm=  839 | if=  871 | phys=   41 | out=  160
  site  26 | rows_valid= 64,252 | gmm=  456 | if=  888 | phys=   45 | out=  168
  site  27 | rows_valid= 79,805 | gmm=1,151 | if=1,096 | phys=    9 | out=  186
  site  28 | rows_valid= 59,948 | gmm=  286 | if=  833 | phys=   12 | out=   88
  site  29 | rows_valid= 60,403 | gmm=  337 | if=  839 | phys=   10 | out=  161
  site  30 | rows_valid= 58,700 | gmm=  388 | if=  816 | phys=   36 | out=  127
  site  31 | rows_valid= 64,252 | gmm=  511 | if=  888 | phys=   32 | out=  117
  site  32 | rows_valid= 64,252 | gmm=  436 | if=  888 | phys=   28 | out=  126
  site  33 | rows_valid= 64,252 | gmm=  602 | if=  888 | phys=   37 | out=  134
  site  34 | rows_valid= 72,316 | gmm=  422 | if=  996 | phys=   30 | out=  201
  site  35 | rows_valid= 72,604 | gmm=  449 | if=  970 | phys=   31 | out=  152
  site  36 | rows_valid= 64,252 | gmm=  480 | if=  888 | phys=   39 | out=  163
  site  37 | rows_valid= 64,252 | gmm=  444 | if=  888 | phys=   39 | out=  148
  site  38 | rows_valid= 64,252 | gmm=  546 | if=  888 | phys=   38 | out=  160
  site  39 | rows_valid= 58,700 | gmm=  337 | if=  816 | phys=   36 | out=  145
  site  40 | rows_valid= 64,252 | gmm=  525 | if=  888 | phys=   10 | out=  162
  site  41 | rows_valid= 79,319 | gmm=  799 | if=1,066 | phys=   10 | out=  141
  site  42 | rows_valid= 79,319 | gmm=  600 | if=1,051 | phys=   55 | out=  237

GMM-IF OUTLIER TERMINAL REVIEW
showing up to 10 outliers per sitekey; time-context rows +/-2 only for neighbor/time-gap evidence
total_outlier_rows=6,891

sitekey=1 | printed_outliers=10
OUTLIER | sitekey=1 | timestamp=2020-01-01 15:45:00 | hour=15 | energy=7.056 | raw_energy=7.056 | shortwave=928 | expected=20.4688 | residual=-13.4128 | neighbor_delta=-11.689 | gmm=False | if=True | physical=True | near_gap=False | reason=PHYSICAL_DISTRIBUTION_JUMP
CTX-2 reason_context_for=PHYSICAL_DISTRIBUTION_JUMP | sitekey=1 | timestamp=2020-01-01 15:15:00 | hour=15 | energy=20.47 | raw_energy=20.47 | shortwave=1033 | expected=20.4688 | residual=0.00125 | neighbor_delta=-0.128 | gmm=False | if=False | physical=False | near_gap=False | reason=FINAL_FLAG
CTX-1 reason_context_for=PHYSICAL_DISTRIBUTION_JUMP | sitekey=1 | timestamp=2020-01-01 15:30:00 | hour=15 | energy=20.104 | raw_energy=20.104 | shortwave=1033 | expected=20.4688 | residual=-0.36475 | neighbor_delta=1.176 | gmm=False | if=False | physical=False | near_gap=False | reason=FINAL_FLAG
CTX+1 reason_context_for=PHYSICAL_DISTRIBUTION_JUMP | sitekey=1 | timestamp=2020-01-01 16:00:00 | hour=16 | energy=9.943 | raw_energy=9.943 | shortwave=928 | expected=20.4688 | residual=-10.5257 | neighbor_delta=-7.0255 | gmm=False | if=False | physical=True | near_gap=False | reason=PHYSICAL_DISTRIBUTION_JUMP
CTX+2 reason_context_for=PHYSICAL_DISTRIBUTION_JUMP | sitekey=1 | timestamp=2020-01-01 16:15:00 | hour=16 | energy=13.546 | raw_energy=13.546 | shortwave=928 | expected=20.4688 | residual=-6.92275 | neighbor_delta=-2.362 | gmm=False | if=False | physical=False | near_gap=False | reason=FINAL_FLAG
OUTLIER | sitekey=1 | timestamp=2020-01-01 16:00:00 | hour=16 | energy=9.943 | raw_energy=9.943 | shortwave=928 | expected=20.4688 | residual=-10.5257 | neighbor_delta=-7.0255 | gmm=False | if=False | physical=True | near_gap=False | reason=PHYSICAL_DISTRIBUTION_JUMP
CTX-2 reason_context_for=PHYSICAL_DISTRIBUTION_JUMP | sitekey=1 | timestamp=2020-01-01 15:30:00 | hour=15 | energy=20.104 | raw_energy=20.104 | shortwave=1033 | expected=20.4688 | residual=-0.36475 | neighbor_delta=1.176 | gmm=False | if=False | physical=False | near_gap=False | reason=FINAL_FLAG
CTX-1 reason_context_for=PHYSICAL_DISTRIBUTION_JUMP | sitekey=1 | timestamp=2020-01-01 15:45:00 | hour=15 | energy=7.056 | raw_energy=7.056 | shortwave=928 | expected=20.4688 | residual=-13.4128 | neighbor_delta=-11.689 | gmm=False | if=True | physical=True | near_gap=False | reason=PHYSICAL_DISTRIBUTION_JUMP
CTX+1 reason_context_for=PHYSICAL_DISTRIBUTION_JUMP | sitekey=1 | timestamp=2020-01-01 16:15:00 | hour=16 | energy=13.546 | raw_energy=13.546 | shortwave=928 | expected=20.4688 | residual=-6.92275 | neighbor_delta=-2.362 | gmm=False | if=False | physical=False | near_gap=False | reason=FINAL_FLAG
CTX+2 reason_context_for=PHYSICAL_DISTRIBUTION_JUMP | sitekey=1 | timestamp=2020-01-01 16:30:00 | hour=16 | energy=17.386 | raw_energy=17.386 | shortwave=928 | expected=20.4688 | residual=-3.08275 | neighbor_delta=3.5805 | gmm=False | if=False | physical=False | near_gap=False | reason=FINAL_FLAG
OUTLIER | sitekey=1 | timestamp=2020-01-04 13:15:00 | hour=13 | energy=6.972 | raw_energy=6.972 | shortwave=998 | expected=20.4688 | residual=-13.4967 | neighbor_delta=-10.8065 | gmm=True | if=True | physical=True | near_gap=False | reason=GMM_IF_CONSENSUS+PHYSICAL_DISTRIBUTION_JUMP
CTX-2 reason_context_for=GMM_IF_CONSENSUS+PHYSICAL_DISTRIBUTION_JUMP | sitekey=1 | timestamp=2020-01-04 12:45:00 | hour=12 | energy=17.91 | raw_energy=17.91 | shortwave=998 | expected=20.4688 | residual=-2.55875 | neighbor_delta=0.5635 | gmm=False | if=False | physical=False | near_gap=False | reason=FINAL_FLAG
CTX-1 reason_context_for=GMM_IF_CONSENSUS+PHYSICAL_DISTRIBUTION_JUMP | sitekey=1 | timestamp=2020-01-04 13:00:00 | hour=13 | energy=16.983 | raw_energy=16.983 | shortwave=998 | expected=20.4688 | residual=-3.48575 | neighbor_delta=-0.727 | gmm=False | if=False | physical=False | near_gap=False | reason=FINAL_FLAG
CTX+1 reason_context_for=GMM_IF_CONSENSUS+PHYSICAL_DISTRIBUTION_JUMP | sitekey=1 | timestamp=2020-01-04 13:30:00 | hour=13 | energy=7.052 | raw_energy=7.052 | shortwave=998 | expected=20.4688 | residual=-13.4168 | neighbor_delta=-10.363 | gmm=True | if=True | physical=True | near_gap=False | reason=GMM_IF_CONSENSUS+PHYSICAL_DISTRIBUTION_JUMP
CTX+2 reason_context_for=GMM_IF_CONSENSUS+PHYSICAL_DISTRIBUTION_JUMP | sitekey=1 | timestamp=2020-01-04 13:45:00 | hour=13 | energy=15.505 | raw_energy=15.505 | shortwave=1006 | expected=20.4688 | residual=-4.96375 | neighbor_delta=-1.5015 | gmm=False | if=False | physical=False | near_gap=False | reason=FINAL_FLAG
OUTLIER | sitekey=1 | timestamp=2020-01-04 13:30:00 | hour=13 | energy=7.052 | raw_energy=7.052 | shortwave=998 | expected=20.4688 | residual=-13.4168 | neighbor_delta=-10.363 | gmm=True | if=True | physical=True | near_gap=False | reason=GMM_IF_CONSENSUS+PHYSICAL_DISTRIBUTION_JUMP
CTX-2 reason_context_for=GMM_IF_CONSENSUS+PHYSICAL_DISTRIBUTION_JUMP | sitekey=1 | timestamp=2020-01-04 13:00:00 | hour=13 | energy=16.983 | raw_energy=16.983 | shortwave=998 | expected=20.4688 | residual=-3.48575 | neighbor_delta=-0.727 | gmm=False | if=False | physical=False | near_gap=False | reason=FINAL_FLAG
CTX-1 reason_context_for=GMM_IF_CONSENSUS+PHYSICAL_DISTRIBUTION_JUMP | sitekey=1 | timestamp=2020-01-04 13:15:00 | hour=13 | energy=6.972 | raw_energy=6.972 | shortwave=998 | expected=20.4688 | residual=-13.4967 | neighbor_delta=-10.8065 | gmm=True | if=True | physical=True | near_gap=False | reason=GMM_IF_CONSENSUS+PHYSICAL_DISTRIBUTION_JUMP
CTX+1 reason_context_for=GMM_IF_CONSENSUS+PHYSICAL_DISTRIBUTION_JUMP | sitekey=1 | timestamp=2020-01-04 13:45:00 | hour=13 | energy=15.505 | raw_energy=15.505 | shortwave=1006 | expected=20.4688 | residual=-4.96375 | neighbor_delta=-1.5015 | gmm=False | if=False | physical=False | near_gap=False | reason=FINAL_FLAG
CTX+2 reason_context_for=GMM_IF_CONSENSUS+PHYSICAL_DISTRIBUTION_JUMP | sitekey=1 | timestamp=2020-01-04 14:00:00 | hour=14 | energy=18.376 | raw_energy=18.376 | shortwave=1006 | expected=20.4688 | residual=-2.09275 | neighbor_delta=3.559 | gmm=False | if=False | physical=False | near_gap=False | reason=FINAL_FLAG
OUTLIER | sitekey=1 | timestamp=2020-01-04 15:15:00 | hour=15 | energy=3.961 | raw_energy=3.961 | shortwave=994 | expected=20.4688 | residual=-16.5077 | neighbor_delta=-8.152 | gmm=True | if=True | physical=True | near_gap=False | reason=GMM_IF_CONSENSUS+PHYSICAL_DISTRIBUTION_JUMP
CTX-2 reason_context_for=GMM_IF_CONSENSUS+PHYSICAL_DISTRIBUTION_JUMP | sitekey=1 | timestamp=2020-01-04 14:45:00 | hour=14 | energy=17.03 | raw_energy=17.03 | shortwave=994 | expected=20.4688 | residual=-3.43875 | neighbor_delta=3.7035 | gmm=False | if=False | physical=False | near_gap=False | reason=FINAL_FLAG
CTX-1 reason_context_for=GMM_IF_CONSENSUS+PHYSICAL_DISTRIBUTION_JUMP | sitekey=1 | timestamp=2020-01-04 15:00:00 | hour=15 | energy=11.702 | raw_energy=11.702 | shortwave=994 | expected=20.4688 | residual=-8.76675 | neighbor_delta=-1.6245 | gmm=False | if=False | physical=False | near_gap=False | reason=FINAL_FLAG
CTX+1 reason_context_for=GMM_IF_CONSENSUS+PHYSICAL_DISTRIBUTION_JUMP | sitekey=1 | timestamp=2020-01-04 15:30:00 | hour=15 | energy=2.412 | raw_energy=2.412 | shortwave=994 | expected=20.4688 | residual=-18.0568 | neighbor_delta=-6.695 | gmm=True | if=True | physical=True | near_gap=False | reason=GMM_IF_CONSENSUS+PHYSICAL_DISTRIBUTION_JUMP
CTX+2 reason_context_for=GMM_IF_CONSENSUS+PHYSICAL_DISTRIBUTION_JUMP | sitekey=1 | timestamp=2020-01-04 15:45:00 | hour=15 | energy=12.524 | raw_energy=12.524 | shortwave=885 | expected=18.0312 | residual=-5.50725 | neighbor_delta=6.111 | gmm=False | if=False | physical=False | near_gap=False | reason=FINAL_FLAG
OUTLIER | sitekey=1 | timestamp=2020-01-04 15:30:00 | hour=15 | energy=2.412 | raw_energy=2.412 | shortwave=994 | expected=20.4688 | residual=-18.0568 | neighbor_delta=-6.695 | gmm=True | if=True | physical=True | near_gap=False | reason=GMM_IF_CONSENSUS+PHYSICAL_DISTRIBUTION_JUMP
CTX-2 reason_context_for=GMM_IF_CONSENSUS+PHYSICAL_DISTRIBUTION_JUMP | sitekey=1 | timestamp=2020-01-04 15:00:00 | hour=15 | energy=11.702 | raw_energy=11.702 | shortwave=994 | expected=20.4688 | residual=-8.76675 | neighbor_delta=-1.6245 | gmm=False | if=False | physical=False | near_gap=False | reason=FINAL_FLAG
CTX-1 reason_context_for=GMM_IF_CONSENSUS+PHYSICAL_DISTRIBUTION_JUMP | sitekey=1 | timestamp=2020-01-04 15:15:00 | hour=15 | energy=3.961 | raw_energy=3.961 | shortwave=994 | expected=20.4688 | residual=-16.5077 | neighbor_delta=-8.152 | gmm=True | if=True | physical=True | near_gap=False | reason=GMM_IF_CONSENSUS+PHYSICAL_DISTRIBUTION_JUMP
CTX+1 reason_context_for=GMM_IF_CONSENSUS+PHYSICAL_DISTRIBUTION_JUMP | sitekey=1 | timestamp=2020-01-04 15:45:00 | hour=15 | energy=12.524 | raw_energy=12.524 | shortwave=885 | expected=18.0312 | residual=-5.50725 | neighbor_delta=6.111 | gmm=False | if=False | physical=False | near_gap=False | reason=FINAL_FLAG
CTX+2 reason_context_for=GMM_IF_CONSENSUS+PHYSICAL_DISTRIBUTION_JUMP | sitekey=1 | timestamp=2020-01-04 16:00:00 | hour=16 | energy=4.597 | raw_energy=4.597 | shortwave=885 | expected=18.0312 | residual=-13.4342 | neighbor_delta=-3.081 | gmm=False | if=True | physical=False | near_gap=False | reason=FINAL_FLAG
OUTLIER | sitekey=1 | timestamp=2020-01-05 12:45:00 | hour=12 | energy=1.072 | raw_energy=1.072 | shortwave=711 | expected=18.0312 | residual=-16.9593 | neighbor_delta=-0.541 | gmm=True | if=True | physical=False | near_gap=False | reason=GMM_IF_CONSENSUS
OUTLIER | sitekey=1 | timestamp=2020-01-05 13:00:00 | hour=13 | energy=1.698 | raw_energy=1.698 | shortwave=711 | expected=18.0312 | residual=-16.3332 | neighbor_delta=0.4285 | gmm=True | if=True | physical=False | near_gap=False | reason=GMM_IF_CONSENSUS
OUTLIER | sitekey=1 | timestamp=2020-01-05 13:15:00 | hour=13 | energy=1.848 | raw_energy=1.848 | shortwave=711 | expected=18.0312 | residual=-16.1833 | neighbor_delta=0.807 | gmm=True | if=True | physical=False | near_gap=False | reason=GMM_IF_CONSENSUS
OUTLIER | sitekey=1 | timestamp=2020-01-05 13:45:00 | hour=13 | energy=0.767 | raw_energy=0.767 | shortwave=701 | expected=18.0312 | residual=-17.2643 | neighbor_delta=-0.409 | gmm=True | if=False | physical=True | near_gap=False | reason=PHYSICAL_LOW_ENERGY_STRONG_SUN

sitekey=10 | printed_outliers=10
OUTLIER | sitekey=10 | timestamp=2020-01-10 12:15:00 | hour=12 | energy=4.364 | raw_energy=4.364 | shortwave=909 | expected=7.49219 | residual=-3.12819 | neighbor_delta=-1.255 | gmm=False | if=False | physical=True | near_gap=False | reason=PHYSICAL_DISTRIBUTION_JUMP
CTX-2 reason_context_for=PHYSICAL_DISTRIBUTION_JUMP | sitekey=10 | timestamp=2020-01-10 11:45:00 | hour=11 | energy=5.257 | raw_energy=5.257 | shortwave=909 | expected=7.49219 | residual=-2.23519 | neighbor_delta=0.1165 | gmm=False | if=False | physical=False | near_gap=False | reason=FINAL_FLAG
CTX-1 reason_context_for=PHYSICAL_DISTRIBUTION_JUMP | sitekey=10 | timestamp=2020-01-10 12:00:00 | hour=12 | energy=4.762 | raw_energy=4.762 | shortwave=909 | expected=7.49219 | residual=-2.73019 | neighbor_delta=-0.857 | gmm=False | if=False | physical=False | near_gap=False | reason=FINAL_FLAG
CTX+1 reason_context_for=PHYSICAL_DISTRIBUTION_JUMP | sitekey=10 | timestamp=2020-01-10 12:30:00 | hour=12 | energy=4.474 | raw_energy=4.474 | shortwave=909 | expected=7.49219 | residual=-3.01819 | neighbor_delta=-1.145 | gmm=False | if=False | physical=True | near_gap=False | reason=PHYSICAL_DISTRIBUTION_JUMP
CTX+2 reason_context_for=PHYSICAL_DISTRIBUTION_JUMP | sitekey=10 | timestamp=2020-01-10 12:45:00 | hour=12 | energy=5.981 | raw_energy=5.981 | shortwave=717 | expected=6.7585 | residual=-0.7775 | neighbor_delta=1.304 | gmm=False | if=False | physical=False | near_gap=False | reason=FINAL_FLAG
OUTLIER | sitekey=10 | timestamp=2020-01-10 12:30:00 | hour=12 | energy=4.474 | raw_energy=4.474 | shortwave=909 | expected=7.49219 | residual=-3.01819 | neighbor_delta=-1.145 | gmm=False | if=False | physical=True | near_gap=False | reason=PHYSICAL_DISTRIBUTION_JUMP
CTX-2 reason_context_for=PHYSICAL_DISTRIBUTION_JUMP | sitekey=10 | timestamp=2020-01-10 12:00:00 | hour=12 | energy=4.762 | raw_energy=4.762 | shortwave=909 | expected=7.49219 | residual=-2.73019 | neighbor_delta=-0.857 | gmm=False | if=False | physical=False | near_gap=False | reason=FINAL_FLAG
CTX-1 reason_context_for=PHYSICAL_DISTRIBUTION_JUMP | sitekey=10 | timestamp=2020-01-10 12:15:00 | hour=12 | energy=4.364 | raw_energy=4.364 | shortwave=909 | expected=7.49219 | residual=-3.12819 | neighbor_delta=-1.255 | gmm=False | if=False | physical=True | near_gap=False | reason=PHYSICAL_DISTRIBUTION_JUMP
CTX+1 reason_context_for=PHYSICAL_DISTRIBUTION_JUMP | sitekey=10 | timestamp=2020-01-10 12:45:00 | hour=12 | energy=5.981 | raw_energy=5.981 | shortwave=717 | expected=6.7585 | residual=-0.7775 | neighbor_delta=1.304 | gmm=False | if=False | physical=False | near_gap=False | reason=FINAL_FLAG
CTX+2 reason_context_for=PHYSICAL_DISTRIBUTION_JUMP | sitekey=10 | timestamp=2020-01-10 13:00:00 | hour=13 | energy=6.558 | raw_energy=6.558 | shortwave=717 | expected=6.7585 | residual=-0.2005 | neighbor_delta=2.025 | gmm=False | if=False | physical=False | near_gap=False | reason=FINAL_FLAG
OUTLIER | sitekey=10 | timestamp=2020-01-15 15:15:00 | hour=15 | energy=1.021 | raw_energy=1.021 | shortwave=852 | expected=6.7585 | residual=-5.7375 | neighbor_delta=-4.70483 | gmm=True | if=True | physical=False | near_gap=False | reason=GMM_IF_CONSENSUS
OUTLIER | sitekey=10 | timestamp=2020-01-15 15:30:00 | hour=15 | energy=0.302 | raw_energy=0.302 | shortwave=852 | expected=6.7585 | residual=-6.4565 | neighbor_delta=-5.71165 | gmm=True | if=True | physical=True | near_gap=False | reason=GMM_IF_CONSENSUS+PHYSICAL_LOW_ENERGY_STRONG_SUN+PHYSICAL_DISTRIBUTION_JUMP
CTX-2 reason_context_for=GMM_IF_CONSENSUS+PHYSICAL_LOW_ENERGY_STRONG_SUN+PHYSICAL_DISTRIBUTION_JUMP | sitekey=10 | timestamp=2020-01-15 15:00:00 | hour=15 | energy=3.997 | raw_energy=3.997 | shortwave=852 | expected=6.7585 | residual=-2.7615 | neighbor_delta=-1.72883 | gmm=False | if=False | physical=False | near_gap=False | reason=FINAL_FLAG
CTX-1 reason_context_for=GMM_IF_CONSENSUS+PHYSICAL_LOW_ENERGY_STRONG_SUN+PHYSICAL_DISTRIBUTION_JUMP | sitekey=10 | timestamp=2020-01-15 15:15:00 | hour=15 | energy=1.021 | raw_energy=1.021 | shortwave=852 | expected=6.7585 | residual=-5.7375 | neighbor_delta=-4.70483 | gmm=True | if=True | physical=False | near_gap=False | reason=GMM_IF_CONSENSUS
CTX+1 reason_context_for=GMM_IF_CONSENSUS+PHYSICAL_LOW_ENERGY_STRONG_SUN+PHYSICAL_DISTRIBUTION_JUMP | sitekey=10 | timestamp=2020-01-15 15:45:00 | hour=15 | energy=0.126 | raw_energy=0.126 | shortwave=705 | expected=6.7585 | residual=-6.6325 | neighbor_delta=-4.87933 | gmm=True | if=True | physical=True | near_gap=False | reason=GMM_IF_CONSENSUS+PHYSICAL_LOW_ENERGY_STRONG_SUN+PHYSICAL_DISTRIBUTION_JUMP
CTX+2 reason_context_for=GMM_IF_CONSENSUS+PHYSICAL_LOW_ENERGY_STRONG_SUN+PHYSICAL_DISTRIBUTION_JUMP | sitekey=10 | timestamp=2020-01-15 16:00:00 | hour=16 | energy=6.01365 | raw_energy=6.01365 | shortwave=705 | expected=6.7585 | residual=-0.744846 | neighbor_delta=2.03837 | gmm=False | if=False | physical=False | near_gap=False | reason=FINAL_FLAG
OUTLIER | sitekey=10 | timestamp=2020-01-15 15:45:00 | hour=15 | energy=0.126 | raw_energy=0.126 | shortwave=705 | expected=6.7585 | residual=-6.6325 | neighbor_delta=-4.87933 | gmm=True | if=True | physical=True | near_gap=False | reason=GMM_IF_CONSENSUS+PHYSICAL_LOW_ENERGY_STRONG_SUN+PHYSICAL_DISTRIBUTION_JUMP
CTX-2 reason_context_for=GMM_IF_CONSENSUS+PHYSICAL_LOW_ENERGY_STRONG_SUN+PHYSICAL_DISTRIBUTION_JUMP | sitekey=10 | timestamp=2020-01-15 15:15:00 | hour=15 | energy=1.021 | raw_energy=1.021 | shortwave=852 | expected=6.7585 | residual=-5.7375 | neighbor_delta=-4.70483 | gmm=True | if=True | physical=False | near_gap=False | reason=GMM_IF_CONSENSUS
CTX-1 reason_context_for=GMM_IF_CONSENSUS+PHYSICAL_LOW_ENERGY_STRONG_SUN+PHYSICAL_DISTRIBUTION_JUMP | sitekey=10 | timestamp=2020-01-15 15:30:00 | hour=15 | energy=0.302 | raw_energy=0.302 | shortwave=852 | expected=6.7585 | residual=-6.4565 | neighbor_delta=-5.71165 | gmm=True | if=True | physical=True | near_gap=False | reason=GMM_IF_CONSENSUS+PHYSICAL_LOW_ENERGY_STRONG_SUN+PHYSICAL_DISTRIBUTION_JUMP
CTX+1 reason_context_for=GMM_IF_CONSENSUS+PHYSICAL_LOW_ENERGY_STRONG_SUN+PHYSICAL_DISTRIBUTION_JUMP | sitekey=10 | timestamp=2020-01-15 16:00:00 | hour=16 | energy=6.01365 | raw_energy=6.01365 | shortwave=705 | expected=6.7585 | residual=-0.744846 | neighbor_delta=2.03837 | gmm=False | if=False | physical=False | near_gap=False | reason=FINAL_FLAG
CTX+2 reason_context_for=GMM_IF_CONSENSUS+PHYSICAL_LOW_ENERGY_STRONG_SUN+PHYSICAL_DISTRIBUTION_JUMP | sitekey=10 | timestamp=2020-01-15 16:15:00 | hour=16 | energy=6.01365 | raw_energy=6.01365 | shortwave=705 | expected=6.7585 | residual=-0.744846 | neighbor_delta=2.03837 | gmm=False | if=False | physical=False | near_gap=False | reason=FINAL_FLAG
OUTLIER | sitekey=10 | timestamp=2020-01-16 10:15:00 | hour=10 | energy=6.837 | raw_energy=6.837 | shortwave=296 | expected=2.0225 | residual=4.8145 | neighbor_delta=0.6645 | gmm=True | if=True | physical=False | near_gap=False | reason=GMM_IF_CONSENSUS
OUTLIER | sitekey=10 | timestamp=2020-01-17 15:00:00 | hour=15 | energy=4.732 | raw_energy=4.732 | shortwave=967 | expected=7.49219 | residual=-2.76019 | neighbor_delta=-1.8345 | gmm=False | if=False | physical=True | near_gap=False | reason=PHYSICAL_DISTRIBUTION_JUMP
CTX-2 reason_context_for=PHYSICAL_DISTRIBUTION_JUMP | sitekey=10 | timestamp=2020-01-17 14:30:00 | hour=14 | energy=5.252 | raw_energy=5.252 | shortwave=941 | expected=7.49219 | residual=-2.24019 | neighbor_delta=-1.6385 | gmm=False | if=False | physical=False | near_gap=False | reason=FINAL_FLAG
CTX-1 reason_context_for=PHYSICAL_DISTRIBUTION_JUMP | sitekey=10 | timestamp=2020-01-17 14:45:00 | hour=14 | energy=6.369 | raw_energy=6.369 | shortwave=967 | expected=7.49219 | residual=-1.12319 | neighbor_delta=-0.5215 | gmm=False | if=False | physical=False | near_gap=False | reason=FINAL_FLAG
CTX+1 reason_context_for=PHYSICAL_DISTRIBUTION_JUMP | sitekey=10 | timestamp=2020-01-17 15:15:00 | hour=15 | energy=7.324 | raw_energy=7.324 | shortwave=967 | expected=7.49219 | residual=-0.168188 | neighbor_delta=1.205 | gmm=False | if=False | physical=False | near_gap=False | reason=FINAL_FLAG
CTX+2 reason_context_for=PHYSICAL_DISTRIBUTION_JUMP | sitekey=10 | timestamp=2020-01-17 15:30:00 | hour=15 | energy=6.764 | raw_energy=6.764 | shortwave=967 | expected=7.49219 | residual=-0.728188 | neighbor_delta=0.645 | gmm=False | if=False | physical=False | near_gap=False | reason=FINAL_FLAG
OUTLIER | sitekey=10 | timestamp=2020-01-17 16:00:00 | hour=16 | energy=4.926 | raw_energy=4.926 | shortwave=906 | expected=7.49219 | residual=-2.56619 | neighbor_delta=-1.818 | gmm=False | if=False | physical=True | near_gap=False | reason=PHYSICAL_DISTRIBUTION_JUMP
CTX-2 reason_context_for=PHYSICAL_DISTRIBUTION_JUMP | sitekey=10 | timestamp=2020-01-17 15:30:00 | hour=15 | energy=6.764 | raw_energy=6.764 | shortwave=967 | expected=7.49219 | residual=-0.728188 | neighbor_delta=0.645 | gmm=False | if=False | physical=False | near_gap=False | reason=FINAL_FLAG
CTX-1 reason_context_for=PHYSICAL_DISTRIBUTION_JUMP | sitekey=10 | timestamp=2020-01-17 15:45:00 | hour=15 | energy=7.401 | raw_energy=7.401 | shortwave=906 | expected=7.49219 | residual=-0.0911875 | neighbor_delta=0.8545 | gmm=False | if=False | physical=False | near_gap=False | reason=FINAL_FLAG
CTX+1 reason_context_for=PHYSICAL_DISTRIBUTION_JUMP | sitekey=10 | timestamp=2020-01-17 16:15:00 | hour=16 | energy=5.869 | raw_energy=5.869 | shortwave=906 | expected=7.49219 | residual=-1.62319 | neighbor_delta=-0.875 | gmm=False | if=False | physical=False | near_gap=False | reason=FINAL_FLAG
CTX+2 reason_context_for=PHYSICAL_DISTRIBUTION_JUMP | sitekey=10 | timestamp=2020-01-17 16:30:00 | hour=16 | energy=6.878 | raw_energy=6.878 | shortwave=906 | expected=7.49219 | residual=-0.614188 | neighbor_delta=0.4705 | gmm=False | if=False | physical=False | near_gap=False | reason=FINAL_FLAG
OUTLIER | sitekey=10 | timestamp=2020-01-19 14:45:00 | hour=14 | energy=5.011 | raw_energy=5.011 | shortwave=939 | expected=7.49219 | residual=-2.48119 | neighbor_delta=-2.03317 | gmm=False | if=False | physical=True | near_gap=False | reason=PHYSICAL_DISTRIBUTION_JUMP
CTX-2 reason_context_for=PHYSICAL_DISTRIBUTION_JUMP | sitekey=10 | timestamp=2020-01-19 14:15:00 | hour=14 | energy=7.00267 | raw_energy=7.00267 | shortwave=983 | expected=7.49219 | residual=-0.489521 | neighbor_delta=-0.0673333 | gmm=False | if=False | physical=False | near_gap=False | reason=FINAL_FLAG
CTX-1 reason_context_for=PHYSICAL_DISTRIBUTION_JUMP | sitekey=10 | timestamp=2020-01-19 14:30:00 | hour=14 | energy=6.975 | raw_energy=6.975 | shortwave=983 | expected=7.49219 | residual=-0.517187 | neighbor_delta=-0.0691667 | gmm=False | if=False | physical=False | near_gap=False | reason=FINAL_FLAG
CTX+1 reason_context_for=PHYSICAL_DISTRIBUTION_JUMP | sitekey=10 | timestamp=2020-01-19 15:00:00 | hour=15 | energy=7.685 | raw_energy=7.685 | shortwave=939 | expected=7.49219 | residual=0.192812 | neighbor_delta=0.6685 | gmm=False | if=False | physical=False | near_gap=False | reason=FINAL_FLAG
CTX+2 reason_context_for=PHYSICAL_DISTRIBUTION_JUMP | sitekey=10 | timestamp=2020-01-19 15:15:00 | hour=15 | energy=7.523 | raw_energy=7.523 | shortwave=939 | expected=7.49219 | residual=0.0308125 | neighbor_delta=0.368667 | gmm=False | if=False | physical=False | near_gap=False | reason=FINAL_FLAG
OUTLIER | sitekey=10 | timestamp=2020-01-23 17:00:00 | hour=17 | energy=4.43 | raw_energy=4.43 | shortwave=229 | expected=2.0225 | residual=2.4075 | neighbor_delta=0.688 | gmm=True | if=True | physical=False | near_gap=False | reason=GMM_IF_CONSENSUS

sitekey=11 | printed_outliers=10
OUTLIER | sitekey=11 | timestamp=2021-02-04 13:30:00 | hour=13 | energy=85.6562 | raw_energy=85.6562 | shortwave=471 | expected=36.8047 | residual=48.8516 | neighbor_delta=37.8203 | gmm=True | if=True | physical=False | near_gap=False | reason=GMM_IF_CONSENSUS
OUTLIER | sitekey=11 | timestamp=2021-02-05 16:00:00 | hour=16 | energy=80.0625 | raw_energy=80.0625 | shortwave=394 | expected=36.8047 | residual=43.2578 | neighbor_delta=52.1953 | gmm=True | if=True | physical=False | near_gap=False | reason=GMM_IF_CONSENSUS
OUTLIER | sitekey=11 | timestamp=2021-02-08 14:45:00 | hour=14 | energy=37.2266 | raw_energy=37.2266 | shortwave=908 | expected=88.8984 | residual=-51.6719 | neighbor_delta=-28.5625 | gmm=False | if=True | physical=True | near_gap=False | reason=PHYSICAL_DISTRIBUTION_JUMP
CTX-2 reason_context_for=PHYSICAL_DISTRIBUTION_JUMP | sitekey=11 | timestamp=2021-02-08 14:15:00 | hour=14 | energy=62.6562 | raw_energy=62.6562 | shortwave=909 | expected=88.8984 | residual=-26.2422 | neighbor_delta=-9.39844 | gmm=False | if=False | physical=False | near_gap=False | reason=FINAL_FLAG
CTX-1 reason_context_for=PHYSICAL_DISTRIBUTION_JUMP | sitekey=11 | timestamp=2021-02-08 14:30:00 | hour=14 | energy=56.3906 | raw_energy=56.3906 | shortwave=909 | expected=88.8984 | residual=-32.5078 | neighbor_delta=-9.39844 | gmm=False | if=False | physical=False | near_gap=False | reason=FINAL_FLAG
CTX+1 reason_context_for=PHYSICAL_DISTRIBUTION_JUMP | sitekey=11 | timestamp=2021-02-08 15:00:00 | hour=15 | energy=58.1797 | raw_energy=58.1797 | shortwave=908 | expected=88.8984 | residual=-30.7188 | neighbor_delta=-1.34375 | gmm=False | if=False | physical=False | near_gap=False | reason=FINAL_FLAG
CTX+2 reason_context_for=PHYSICAL_DISTRIBUTION_JUMP | sitekey=11 | timestamp=2021-02-08 15:15:00 | hour=15 | energy=77.3125 | raw_energy=77.3125 | shortwave=908 | expected=88.8984 | residual=-11.5859 | neighbor_delta=27.2383 | gmm=False | if=False | physical=False | near_gap=False | reason=FINAL_FLAG
OUTLIER | sitekey=11 | timestamp=2021-03-11 09:30:00 | hour=9 | energy=34.0469 | raw_energy=34.0469 | shortwave=48 | expected=1.65625 | residual=32.3906 | neighbor_delta=19.1172 | gmm=False | if=True | physical=True | near_gap=False | reason=PHYSICAL_HIGH_ENERGY_LOW_RADIATION+PHYSICAL_DISTRIBUTION_JUMP
CTX-2 reason_context_for=PHYSICAL_HIGH_ENERGY_LOW_RADIATION+PHYSICAL_DISTRIBUTION_JUMP | sitekey=11 | timestamp=2021-03-11 09:00:00 | hour=9 | energy=11.3594 | raw_energy=11.3594 | shortwave=48 | expected=1.65625 | residual=9.70312 | neighbor_delta=-0.726562 | gmm=False | if=False | physical=False | near_gap=False | reason=FINAL_FLAG
CTX-1 reason_context_for=PHYSICAL_HIGH_ENERGY_LOW_RADIATION+PHYSICAL_DISTRIBUTION_JUMP | sitekey=11 | timestamp=2021-03-11 09:15:00 | hour=9 | energy=13 | raw_energy=13 | shortwave=48 | expected=1.65625 | residual=11.3438 | neighbor_delta=-3.96094 | gmm=False | if=False | physical=False | near_gap=False | reason=FINAL_FLAG
CTX+1 reason_context_for=PHYSICAL_HIGH_ENERGY_LOW_RADIATION+PHYSICAL_DISTRIBUTION_JUMP | sitekey=11 | timestamp=2021-03-11 09:45:00 | hour=9 | energy=37.1406 | raw_energy=37.1406 | shortwave=165 | expected=12.3125 | residual=24.8281 | neighbor_delta=17.8281 | gmm=False | if=False | physical=False | near_gap=False | reason=FINAL_FLAG
CTX+2 reason_context_for=PHYSICAL_HIGH_ENERGY_LOW_RADIATION+PHYSICAL_DISTRIBUTION_JUMP | sitekey=11 | timestamp=2021-03-11 10:00:00 | hour=10 | energy=22.5625 | raw_energy=22.5625 | shortwave=165 | expected=12.3125 | residual=10.25 | neighbor_delta=-0.726562 | gmm=False | if=False | physical=False | near_gap=False | reason=FINAL_FLAG
OUTLIER | sitekey=11 | timestamp=2021-03-17 14:15:00 | hour=14 | energy=28.2188 | raw_energy=28.2188 | shortwave=754 | expected=79.4414 | residual=-51.2227 | neighbor_delta=-27.2031 | gmm=False | if=False | physical=True | near_gap=False | reason=PHYSICAL_DISTRIBUTION_JUMP
CTX-2 reason_context_for=PHYSICAL_DISTRIBUTION_JUMP | sitekey=11 | timestamp=2021-03-17 13:45:00 | hour=13 | energy=68.875 | raw_energy=68.875 | shortwave=754 | expected=79.4414 | residual=-10.5664 | neighbor_delta=12.6094 | gmm=False | if=False | physical=False | near_gap=False | reason=FINAL_FLAG
CTX-1 reason_context_for=PHYSICAL_DISTRIBUTION_JUMP | sitekey=11 | timestamp=2021-03-17 14:00:00 | hour=14 | energy=38.6719 | raw_energy=38.6719 | shortwave=754 | expected=79.4414 | residual=-40.7695 | neighbor_delta=-16.75 | gmm=False | if=False | physical=False | near_gap=False | reason=FINAL_FLAG
CTX+1 reason_context_for=PHYSICAL_DISTRIBUTION_JUMP | sitekey=11 | timestamp=2021-03-17 14:30:00 | hour=14 | energy=26.1406 | raw_energy=26.1406 | shortwave=754 | expected=79.4414 | residual=-53.3008 | neighbor_delta=-22.1719 | gmm=False | if=False | physical=True | near_gap=False | reason=PHYSICAL_DISTRIBUTION_JUMP
CTX+2 reason_context_for=PHYSICAL_DISTRIBUTION_JUMP | sitekey=11 | timestamp=2021-03-17 14:45:00 | hour=14 | energy=41.9688 | raw_energy=41.9688 | shortwave=531 | expected=63.6719 | residual=-21.7031 | neighbor_delta=6.07812 | gmm=False | if=False | physical=False | near_gap=False | reason=FINAL_FLAG
OUTLIER | sitekey=11 | timestamp=2021-03-17 14:30:00 | hour=14 | energy=26.1406 | raw_energy=26.1406 | shortwave=754 | expected=79.4414 | residual=-53.3008 | neighbor_delta=-22.1719 | gmm=False | if=False | physical=True | near_gap=False | reason=PHYSICAL_DISTRIBUTION_JUMP
CTX-2 reason_context_for=PHYSICAL_DISTRIBUTION_JUMP | sitekey=11 | timestamp=2021-03-17 14:00:00 | hour=14 | energy=38.6719 | raw_energy=38.6719 | shortwave=754 | expected=79.4414 | residual=-40.7695 | neighbor_delta=-16.75 | gmm=False | if=False | physical=False | near_gap=False | reason=FINAL_FLAG
CTX-1 reason_context_for=PHYSICAL_DISTRIBUTION_JUMP | sitekey=11 | timestamp=2021-03-17 14:15:00 | hour=14 | energy=28.2188 | raw_energy=28.2188 | shortwave=754 | expected=79.4414 | residual=-51.2227 | neighbor_delta=-27.2031 | gmm=False | if=False | physical=True | near_gap=False | reason=PHYSICAL_DISTRIBUTION_JUMP
CTX+1 reason_context_for=PHYSICAL_DISTRIBUTION_JUMP | sitekey=11 | timestamp=2021-03-17 14:45:00 | hour=14 | energy=41.9688 | raw_energy=41.9688 | shortwave=531 | expected=63.6719 | residual=-21.7031 | neighbor_delta=6.07812 | gmm=False | if=False | physical=False | near_gap=False | reason=FINAL_FLAG
CTX+2 reason_context_for=PHYSICAL_DISTRIBUTION_JUMP | sitekey=11 | timestamp=2021-03-17 15:00:00 | hour=15 | energy=33.1094 | raw_energy=33.1094 | shortwave=531 | expected=63.6719 | residual=-30.5625 | neighbor_delta=-1.38281 | gmm=False | if=False | physical=False | near_gap=False | reason=FINAL_FLAG
OUTLIER | sitekey=11 | timestamp=2021-03-23 11:15:00 | hour=11 | energy=50.9219 | raw_energy=50.9219 | shortwave=63 | expected=4.67188 | residual=46.25 | neighbor_delta=16.2344 | gmm=False | if=True | physical=True | near_gap=False | reason=PHYSICAL_DISTRIBUTION_JUMP
CTX-2 reason_context_for=PHYSICAL_DISTRIBUTION_JUMP | sitekey=11 | timestamp=2021-03-23 10:45:00 | hour=10 | energy=24.375 | raw_energy=24.375 | shortwave=63 | expected=4.67188 | residual=19.7031 | neighbor_delta=-0.367188 | gmm=False | if=False | physical=False | near_gap=False | reason=FINAL_FLAG
CTX-1 reason_context_for=PHYSICAL_DISTRIBUTION_JUMP | sitekey=11 | timestamp=2021-03-23 11:00:00 | hour=11 | energy=32.1875 | raw_energy=32.1875 | shortwave=63 | expected=4.67188 | residual=27.5156 | neighbor_delta=1.40625 | gmm=False | if=False | physical=False | near_gap=False | reason=FINAL_FLAG
CTX+1 reason_context_for=PHYSICAL_DISTRIBUTION_JUMP | sitekey=11 | timestamp=2021-03-23 11:30:00 | hour=11 | energy=62.8906 | raw_energy=62.8906 | shortwave=63 | expected=4.67188 | residual=58.2188 | neighbor_delta=26.1875 | gmm=True | if=True | physical=True | near_gap=False | reason=GMM_IF_CONSENSUS+PHYSICAL_DISTRIBUTION_JUMP
CTX+2 reason_context_for=PHYSICAL_DISTRIBUTION_JUMP | sitekey=11 | timestamp=2021-03-23 11:45:00 | hour=11 | energy=37.1875 | raw_energy=37.1875 | shortwave=251 | expected=27.3125 | residual=9.875 | neighbor_delta=0.25 | gmm=False | if=False | physical=False | near_gap=False | reason=FINAL_FLAG
OUTLIER | sitekey=11 | timestamp=2021-03-23 11:30:00 | hour=11 | energy=62.8906 | raw_energy=62.8906 | shortwave=63 | expected=4.67188 | residual=58.2188 | neighbor_delta=26.1875 | gmm=True | if=True | physical=True | near_gap=False | reason=GMM_IF_CONSENSUS+PHYSICAL_DISTRIBUTION_JUMP
CTX-2 reason_context_for=GMM_IF_CONSENSUS+PHYSICAL_DISTRIBUTION_JUMP | sitekey=11 | timestamp=2021-03-23 11:00:00 | hour=11 | energy=32.1875 | raw_energy=32.1875 | shortwave=63 | expected=4.67188 | residual=27.5156 | neighbor_delta=1.40625 | gmm=False | if=False | physical=False | near_gap=False | reason=FINAL_FLAG
CTX-1 reason_context_for=GMM_IF_CONSENSUS+PHYSICAL_DISTRIBUTION_JUMP | sitekey=11 | timestamp=2021-03-23 11:15:00 | hour=11 | energy=50.9219 | raw_energy=50.9219 | shortwave=63 | expected=4.67188 | residual=46.25 | neighbor_delta=16.2344 | gmm=False | if=True | physical=True | near_gap=False | reason=PHYSICAL_DISTRIBUTION_JUMP
CTX+1 reason_context_for=GMM_IF_CONSENSUS+PHYSICAL_DISTRIBUTION_JUMP | sitekey=11 | timestamp=2021-03-23 11:45:00 | hour=11 | energy=37.1875 | raw_energy=37.1875 | shortwave=251 | expected=27.3125 | residual=9.875 | neighbor_delta=0.25 | gmm=False | if=False | physical=False | near_gap=False | reason=FINAL_FLAG
CTX+2 reason_context_for=GMM_IF_CONSENSUS+PHYSICAL_DISTRIBUTION_JUMP | sitekey=11 | timestamp=2021-03-23 12:00:00 | hour=12 | energy=37.6562 | raw_energy=37.6562 | shortwave=251 | expected=27.3125 | residual=10.3438 | neighbor_delta=-1.0625 | gmm=False | if=False | physical=False | near_gap=False | reason=FINAL_FLAG
OUTLIER | sitekey=11 | timestamp=2021-03-24 09:30:00 | hour=9 | energy=28.2969 | raw_energy=28.2969 | shortwave=48 | expected=1.65625 | residual=26.6406 | neighbor_delta=7.48438 | gmm=False | if=True | physical=True | near_gap=False | reason=PHYSICAL_HIGH_ENERGY_LOW_RADIATION
OUTLIER | sitekey=11 | timestamp=2021-03-25 10:30:00 | hour=10 | energy=48.8125 | raw_energy=48.8125 | shortwave=80 | expected=4.67188 | residual=44.1406 | neighbor_delta=12.5469 | gmm=False | if=True | physical=True | near_gap=False | reason=PHYSICAL_DISTRIBUTION_JUMP
CTX-2 reason_context_for=PHYSICAL_DISTRIBUTION_JUMP | sitekey=11 | timestamp=2021-03-25 10:00:00 | hour=10 | energy=37 | raw_energy=37 | shortwave=80 | expected=4.67188 | residual=32.3281 | neighbor_delta=13.4844 | gmm=False | if=True | physical=False | near_gap=False | reason=FINAL_FLAG
CTX-1 reason_context_for=PHYSICAL_DISTRIBUTION_JUMP | sitekey=11 | timestamp=2021-03-25 10:15:00 | hour=10 | energy=45.5 | raw_energy=45.5 | shortwave=80 | expected=4.67188 | residual=40.8281 | neighbor_delta=14.5 | gmm=False | if=True | physical=False | near_gap=False | reason=FINAL_FLAG
CTX+1 reason_context_for=PHYSICAL_DISTRIBUTION_JUMP | sitekey=11 | timestamp=2021-03-25 10:45:00 | hour=10 | energy=26.4688 | raw_energy=26.4688 | shortwave=109 | expected=12.3125 | residual=14.1562 | neighbor_delta=-20.6875 | gmm=False | if=False | physical=False | near_gap=False | reason=FINAL_FLAG
CTX+2 reason_context_for=PHYSICAL_DISTRIBUTION_JUMP | sitekey=11 | timestamp=2021-03-25 11:00:00 | hour=11 | energy=35.5312 | raw_energy=35.5312 | shortwave=109 | expected=12.3125 | residual=23.2188 | neighbor_delta=-11.625 | gmm=False | if=False | physical=False | near_gap=False | reason=FINAL_FLAG

sitekey=12 | printed_outliers=10
OUTLIER | sitekey=12 | timestamp=2020-01-05 17:45:00 | hour=17 | energy=2.5 | raw_energy=2.5 | shortwave=87 | expected=0.4375 | residual=2.0625 | neighbor_delta=0.1875 | gmm=True | if=True | physical=False | near_gap=False | reason=GMM_IF_CONSENSUS
OUTLIER | sitekey=12 | timestamp=2020-01-05 18:00:00 | hour=18 | energy=1.8125 | raw_energy=1.8125 | shortwave=87 | expected=0.4375 | residual=1.375 | neighbor_delta=-0.125 | gmm=True | if=True | physical=False | near_gap=False | reason=GMM_IF_CONSENSUS
OUTLIER | sitekey=12 | timestamp=2020-01-05 18:15:00 | hour=18 | energy=1.375 | raw_energy=1.375 | shortwave=87 | expected=0.4375 | residual=0.9375 | neighbor_delta=0.46875 | gmm=True | if=True | physical=False | near_gap=False | reason=GMM_IF_CONSENSUS
OUTLIER | sitekey=12 | timestamp=2020-01-10 18:00:00 | hour=18 | energy=1.2813 | raw_energy=1.2813 | shortwave=86 | expected=0.4375 | residual=0.8438 | neighbor_delta=0.3282 | gmm=True | if=True | physical=False | near_gap=False | reason=GMM_IF_CONSENSUS
OUTLIER | sitekey=12 | timestamp=2020-01-15 15:15:00 | hour=15 | energy=2.0312 | raw_energy=2.0312 | shortwave=852 | expected=12.375 | residual=-10.3438 | neighbor_delta=-8.48482 | gmm=True | if=True | physical=False | near_gap=False | reason=GMM_IF_CONSENSUS
OUTLIER | sitekey=12 | timestamp=2020-01-15 15:30:00 | hour=15 | energy=0.5938 | raw_energy=0.5938 | shortwave=852 | expected=12.375 | residual=-11.7812 | neighbor_delta=-10.2194 | gmm=True | if=True | physical=True | near_gap=False | reason=GMM_IF_CONSENSUS+PHYSICAL_LOW_ENERGY_STRONG_SUN
OUTLIER | sitekey=12 | timestamp=2020-01-15 15:45:00 | hour=15 | energy=0.2812 | raw_energy=0.2812 | shortwave=705 | expected=12.375 | residual=-12.0938 | neighbor_delta=-9.01607 | gmm=True | if=False | physical=True | near_gap=False | reason=PHYSICAL_LOW_ENERGY_STRONG_SUN
OUTLIER | sitekey=12 | timestamp=2020-01-20 09:00:00 | hour=9 | energy=6.9375 | raw_energy=6.9375 | shortwave=78 | expected=0.4375 | residual=6.5 | neighbor_delta=1.0313 | gmm=True | if=True | physical=False | near_gap=False | reason=GMM_IF_CONSENSUS
OUTLIER | sitekey=12 | timestamp=2020-01-22 17:45:00 | hour=17 | energy=2.6563 | raw_energy=2.6563 | shortwave=42 | expected=0.5625 | residual=2.0938 | neighbor_delta=0.95315 | gmm=True | if=True | physical=False | near_gap=False | reason=GMM_IF_CONSENSUS
OUTLIER | sitekey=12 | timestamp=2020-01-22 18:00:00 | hour=18 | energy=2.5625 | raw_energy=2.5625 | shortwave=42 | expected=0.5625 | residual=2 | neighbor_delta=0.85935 | gmm=True | if=True | physical=False | near_gap=False | reason=GMM_IF_CONSENSUS

sitekey=13 | printed_outliers=10
OUTLIER | sitekey=13 | timestamp=2020-02-01 17:15:00 | hour=17 | energy=3.9531 | raw_energy=3.9531 | shortwave=77 | expected=0.4218 | residual=3.5313 | neighbor_delta=1.3125 | gmm=True | if=True | physical=False | near_gap=False | reason=GMM_IF_CONSENSUS
OUTLIER | sitekey=13 | timestamp=2020-02-01 17:30:00 | hour=17 | energy=4.4375 | raw_energy=4.4375 | shortwave=77 | expected=0.4218 | residual=4.0157 | neighbor_delta=2.2578 | gmm=True | if=True | physical=False | near_gap=False | reason=GMM_IF_CONSENSUS
OUTLIER | sitekey=13 | timestamp=2020-04-18 15:30:00 | hour=15 | energy=9.0625 | raw_energy=9.0625 | shortwave=194 | expected=1.83597 | residual=7.22653 | neighbor_delta=4.06245 | gmm=True | if=True | physical=False | near_gap=False | reason=GMM_IF_CONSENSUS
OUTLIER | sitekey=13 | timestamp=2020-04-20 08:30:00 | hour=8 | energy=2.3907 | raw_energy=2.3907 | shortwave=22 | expected=0.0468708 | residual=2.34383 | neighbor_delta=0.19545 | gmm=False | if=True | physical=True | near_gap=False | reason=PHYSICAL_HIGH_ENERGY_NO_SUN+PHYSICAL_HIGH_ENERGY_LOW_RADIATION
OUTLIER | sitekey=13 | timestamp=2020-04-24 11:00:00 | hour=11 | energy=12.6719 | raw_energy=12.6719 | shortwave=348 | expected=3.70337 | residual=8.96853 | neighbor_delta=2.21095 | gmm=True | if=True | physical=False | near_gap=False | reason=GMM_IF_CONSENSUS
OUTLIER | sitekey=13 | timestamp=2020-04-30 12:15:00 | hour=12 | energy=12.0938 | raw_energy=12.0938 | shortwave=271 | expected=3.70337 | residual=8.39043 | neighbor_delta=3.6641 | gmm=True | if=True | physical=False | near_gap=False | reason=GMM_IF_CONSENSUS
OUTLIER | sitekey=13 | timestamp=2020-05-20 12:30:00 | hour=12 | energy=12.2188 | raw_energy=12.2188 | shortwave=277 | expected=3.70337 | residual=8.51543 | neighbor_delta=2.1954 | gmm=True | if=True | physical=False | near_gap=False | reason=GMM_IF_CONSENSUS
OUTLIER | sitekey=13 | timestamp=2020-05-20 12:45:00 | hour=12 | energy=12.4062 | raw_energy=12.4062 | shortwave=340 | expected=3.70337 | residual=8.70283 | neighbor_delta=2.3828 | gmm=True | if=True | physical=False | near_gap=False | reason=GMM_IF_CONSENSUS
OUTLIER | sitekey=13 | timestamp=2020-08-19 12:15:00 | hour=12 | energy=10.6094 | raw_energy=10.6094 | shortwave=108 | expected=2.40708 | residual=8.2023 | neighbor_delta=4.42188 | gmm=True | if=True | physical=True | near_gap=False | reason=GMM_IF_CONSENSUS+PHYSICAL_DISTRIBUTION_JUMP
CTX-2 reason_context_for=GMM_IF_CONSENSUS+PHYSICAL_DISTRIBUTION_JUMP | sitekey=13 | timestamp=2020-08-19 11:45:00 | hour=11 | energy=4.625 | raw_energy=4.625 | shortwave=108 | expected=2.40708 | residual=2.21792 | neighbor_delta=0.703125 | gmm=False | if=False | physical=False | near_gap=False | reason=FINAL_FLAG
CTX-1 reason_context_for=GMM_IF_CONSENSUS+PHYSICAL_DISTRIBUTION_JUMP | sitekey=13 | timestamp=2020-08-19 12:00:00 | hour=12 | energy=7.67188 | raw_energy=7.67188 | shortwave=108 | expected=2.40708 | residual=5.2648 | neighbor_delta=2.50781 | gmm=False | if=False | physical=False | near_gap=False | reason=FINAL_FLAG
CTX+1 reason_context_for=GMM_IF_CONSENSUS+PHYSICAL_DISTRIBUTION_JUMP | sitekey=13 | timestamp=2020-08-19 12:30:00 | hour=12 | energy=8.82812 | raw_energy=8.82812 | shortwave=108 | expected=2.40708 | residual=6.42105 | neighbor_delta=1.65625 | gmm=False | if=True | physical=False | near_gap=False | reason=FINAL_FLAG
CTX+2 reason_context_for=GMM_IF_CONSENSUS+PHYSICAL_DISTRIBUTION_JUMP | sitekey=13 | timestamp=2020-08-19 12:45:00 | hour=12 | energy=5.70312 | raw_energy=5.70312 | shortwave=283 | expected=4.34375 | residual=1.35938 | neighbor_delta=-2.54688 | gmm=False | if=False | physical=False | near_gap=False | reason=FINAL_FLAG
OUTLIER | sitekey=13 | timestamp=2020-08-19 14:45:00 | hour=14 | energy=10.6094 | raw_energy=10.6094 | shortwave=85 | expected=1.22801 | residual=9.38136 | neighbor_delta=7.53906 | gmm=False | if=True | physical=True | near_gap=False | reason=PHYSICAL_DISTRIBUTION_JUMP
CTX-2 reason_context_for=PHYSICAL_DISTRIBUTION_JUMP | sitekey=13 | timestamp=2020-08-19 14:15:00 | hour=14 | energy=3.53125 | raw_energy=3.53125 | shortwave=361 | expected=7.5625 | residual=-4.03125 | neighbor_delta=-2.16406 | gmm=False | if=False | physical=False | near_gap=False | reason=FINAL_FLAG
CTX-1 reason_context_for=PHYSICAL_DISTRIBUTION_JUMP | sitekey=13 | timestamp=2020-08-19 14:30:00 | hour=14 | energy=2.60938 | raw_energy=2.60938 | shortwave=361 | expected=7.5625 | residual=-4.95312 | neighbor_delta=-1.90625 | gmm=False | if=False | physical=False | near_gap=False | reason=FINAL_FLAG
CTX+1 reason_context_for=PHYSICAL_DISTRIBUTION_JUMP | sitekey=13 | timestamp=2020-08-19 15:00:00 | hour=15 | energy=8.51562 | raw_energy=8.51562 | shortwave=85 | expected=1.22801 | residual=7.28761 | neighbor_delta=5.99219 | gmm=False | if=True | physical=True | near_gap=False | reason=PHYSICAL_DISTRIBUTION_JUMP
CTX+2 reason_context_for=PHYSICAL_DISTRIBUTION_JUMP | sitekey=13 | timestamp=2020-08-19 15:15:00 | hour=15 | energy=4.71875 | raw_energy=4.71875 | shortwave=85 | expected=1.22801 | residual=3.49074 | neighbor_delta=2.19531 | gmm=False | if=False | physical=False | near_gap=False | reason=FINAL_FLAG

sitekey=14 | printed_outliers=10
OUTLIER | sitekey=14 | timestamp=2020-07-27 11:15:00 | hour=11 | energy=7.6167 | raw_energy=7.6167 | shortwave=70 | expected=1.22693 | residual=6.38977 | neighbor_delta=6.19297 | gmm=False | if=True | physical=True | near_gap=False | reason=PHYSICAL_DISTRIBUTION_JUMP
CTX-2 reason_context_for=PHYSICAL_DISTRIBUTION_JUMP | sitekey=14 | timestamp=2020-07-27 10:45:00 | hour=10 | energy=1.50879 | raw_energy=1.50879 | shortwave=70 | expected=1.22693 | residual=0.281862 | neighbor_delta=0.085064 | gmm=False | if=False | physical=False | near_gap=False | reason=FINAL_FLAG
CTX-1 reason_context_for=PHYSICAL_DISTRIBUTION_JUMP | sitekey=14 | timestamp=2020-07-27 11:00:00 | hour=11 | energy=3.29004 | raw_energy=3.29004 | shortwave=70 | expected=1.22693 | residual=2.06311 | neighbor_delta=1.86631 | gmm=False | if=False | physical=False | near_gap=False | reason=FINAL_FLAG
CTX+1 reason_context_for=PHYSICAL_DISTRIBUTION_JUMP | sitekey=14 | timestamp=2020-07-27 11:30:00 | hour=11 | energy=3.98145 | raw_energy=3.98145 | shortwave=70 | expected=1.22693 | residual=2.75452 | neighbor_delta=2.70977 | gmm=False | if=False | physical=False | near_gap=False | reason=FINAL_FLAG
CTX+2 reason_context_for=PHYSICAL_DISTRIBUTION_JUMP | sitekey=14 | timestamp=2020-07-27 11:45:00 | hour=11 | energy=1.11963 | raw_energy=1.11963 | shortwave=122 | expected=2.08151 | residual=-0.961884 | neighbor_delta=-1.27979 | gmm=False | if=False | physical=False | near_gap=False | reason=FINAL_FLAG
OUTLIER | sitekey=14 | timestamp=2020-09-03 07:30:00 | hour=7 | energy=1.11719 | raw_energy=1.11719 | shortwave=3 | expected=0.0392253 | residual=1.07796 | neighbor_delta=0.427246 | gmm=True | if=True | physical=False | near_gap=False | reason=GMM_IF_CONSENSUS
OUTLIER | sitekey=14 | timestamp=2020-09-04 07:30:00 | hour=7 | energy=1.09277 | raw_energy=1.09277 | shortwave=5 | expected=0.0392253 | residual=1.05355 | neighbor_delta=-0.131348 | gmm=True | if=True | physical=False | near_gap=False | reason=GMM_IF_CONSENSUS
OUTLIER | sitekey=14 | timestamp=2020-09-06 07:30:00 | hour=7 | energy=1.21777 | raw_energy=1.21777 | shortwave=7 | expected=0.0392253 | residual=1.17855 | neighbor_delta=-0.0756836 | gmm=True | if=True | physical=False | near_gap=False | reason=GMM_IF_CONSENSUS
OUTLIER | sitekey=14 | timestamp=2020-09-07 07:30:00 | hour=7 | energy=1.21582 | raw_energy=1.21582 | shortwave=8 | expected=0.0392253 | residual=1.1766 | neighbor_delta=-0.0854492 | gmm=True | if=True | physical=False | near_gap=False | reason=GMM_IF_CONSENSUS
OUTLIER | sitekey=14 | timestamp=2020-09-13 11:00:00 | hour=11 | energy=12.1211 | raw_energy=12.1211 | shortwave=236 | expected=3.61214 | residual=8.50895 | neighbor_delta=3.05762 | gmm=True | if=True | physical=False | near_gap=False | reason=GMM_IF_CONSENSUS
OUTLIER | sitekey=14 | timestamp=2020-09-13 11:30:00 | hour=11 | energy=11.9541 | raw_energy=11.9541 | shortwave=236 | expected=3.61214 | residual=8.34196 | neighbor_delta=1.52734 | gmm=True | if=True | physical=False | near_gap=False | reason=GMM_IF_CONSENSUS
OUTLIER | sitekey=14 | timestamp=2020-09-13 11:45:00 | hour=11 | energy=11.0293 | raw_energy=11.0293 | shortwave=269 | expected=3.61214 | residual=7.41715 | neighbor_delta=-0.240234 | gmm=True | if=True | physical=False | near_gap=False | reason=GMM_IF_CONSENSUS
OUTLIER | sitekey=14 | timestamp=2020-09-13 12:00:00 | hour=12 | energy=10.585 | raw_energy=10.585 | shortwave=269 | expected=3.61214 | residual=6.97282 | neighbor_delta=-1.09668 | gmm=True | if=True | physical=False | near_gap=False | reason=GMM_IF_CONSENSUS
OUTLIER | sitekey=14 | timestamp=2020-09-13 12:30:00 | hour=12 | energy=12.1582 | raw_energy=12.1582 | shortwave=269 | expected=3.61214 | residual=8.54606 | neighbor_delta=0.569824 | gmm=True | if=True | physical=False | near_gap=False | reason=GMM_IF_CONSENSUS

sitekey=15 | printed_outliers=10
OUTLIER | sitekey=15 | timestamp=2020-08-23 11:30:00 | hour=11 | energy=11.8271 | raw_energy=11.8271 | shortwave=191 | expected=2.63281 | residual=9.19434 | neighbor_delta=6.98519 | gmm=True | if=True | physical=False | near_gap=False | reason=GMM_IF_CONSENSUS
OUTLIER | sitekey=15 | timestamp=2020-09-13 10:45:00 | hour=10 | energy=15.4473 | raw_energy=15.4473 | shortwave=236 | expected=5.08008 | residual=10.3672 | neighbor_delta=3.57422 | gmm=True | if=True | physical=False | near_gap=False | reason=GMM_IF_CONSENSUS
OUTLIER | sitekey=15 | timestamp=2020-09-13 11:00:00 | hour=11 | energy=15.4082 | raw_energy=15.4082 | shortwave=236 | expected=5.08008 | residual=10.3281 | neighbor_delta=1.34473 | gmm=True | if=True | physical=False | near_gap=False | reason=GMM_IF_CONSENSUS
OUTLIER | sitekey=15 | timestamp=2020-09-13 11:30:00 | hour=11 | energy=16.0039 | raw_energy=16.0039 | shortwave=236 | expected=5.08008 | residual=10.9238 | neighbor_delta=0.576172 | gmm=True | if=True | physical=False | near_gap=False | reason=GMM_IF_CONSENSUS
OUTLIER | sitekey=15 | timestamp=2020-09-13 11:45:00 | hour=11 | energy=17.2051 | raw_energy=17.2051 | shortwave=269 | expected=5.08008 | residual=12.125 | neighbor_delta=1.47949 | gmm=True | if=True | physical=False | near_gap=False | reason=GMM_IF_CONSENSUS
OUTLIER | sitekey=15 | timestamp=2020-09-13 12:00:00 | hour=12 | energy=16.3125 | raw_energy=16.3125 | shortwave=269 | expected=5.08008 | residual=11.2324 | neighbor_delta=0.606445 | gmm=True | if=True | physical=False | near_gap=False | reason=GMM_IF_CONSENSUS
OUTLIER | sitekey=15 | timestamp=2020-09-13 12:15:00 | hour=12 | energy=14.6914 | raw_energy=14.6914 | shortwave=269 | expected=5.08008 | residual=9.61133 | neighbor_delta=-1.3291 | gmm=True | if=True | physical=False | near_gap=False | reason=GMM_IF_CONSENSUS
OUTLIER | sitekey=15 | timestamp=2020-09-13 12:30:00 | hour=12 | energy=16.2109 | raw_energy=16.2109 | shortwave=269 | expected=5.08008 | residual=11.1309 | neighbor_delta=0.545898 | gmm=True | if=True | physical=False | near_gap=False | reason=GMM_IF_CONSENSUS
OUTLIER | sitekey=15 | timestamp=2020-09-21 13:30:00 | hour=13 | energy=13.0918 | raw_energy=13.0918 | shortwave=197 | expected=2.95312 | residual=10.1387 | neighbor_delta=4.00781 | gmm=True | if=True | physical=False | near_gap=False | reason=GMM_IF_CONSENSUS
OUTLIER | sitekey=15 | timestamp=2020-09-21 14:45:00 | hour=14 | energy=12.7637 | raw_energy=12.7637 | shortwave=87 | expected=0.938477 | residual=11.8252 | neighbor_delta=0.479492 | gmm=True | if=True | physical=False | near_gap=False | reason=GMM_IF_CONSENSUS

sitekey=16 | printed_outliers=10
OUTLIER | sitekey=16 | timestamp=2021-01-02 13:15:00 | hour=13 | energy=2.49902 | raw_energy=2.49902 | shortwave=331 | expected=0.585449 | residual=1.91357 | neighbor_delta=0.508301 | gmm=True | if=True | physical=False | near_gap=False | reason=GMM_IF_CONSENSUS
OUTLIER | sitekey=16 | timestamp=2021-01-08 08:00:00 | hour=8 | energy=0.640908 | raw_energy=0.640908 | shortwave=195 | expected=0.104388 | residual=0.536521 | neighbor_delta=0.268696 | gmm=True | if=True | physical=False | near_gap=False | reason=GMM_IF_CONSENSUS
OUTLIER | sitekey=16 | timestamp=2021-01-13 12:30:00 | hour=12 | energy=1.71582 | raw_energy=1.71582 | shortwave=926 | expected=3.17626 | residual=-1.46044 | neighbor_delta=-0.895508 | gmm=True | if=True | physical=False | near_gap=False | reason=GMM_IF_CONSENSUS
OUTLIER | sitekey=16 | timestamp=2021-01-13 12:45:00 | hour=12 | energy=1.99805 | raw_energy=1.99805 | shortwave=999 | expected=3.17626 | residual=-1.17821 | neighbor_delta=-0.613281 | gmm=True | if=True | physical=False | near_gap=False | reason=GMM_IF_CONSENSUS
OUTLIER | sitekey=16 | timestamp=2021-01-14 13:00:00 | hour=13 | energy=3.2334 | raw_energy=3.2334 | shortwave=453 | expected=1.27002 | residual=1.96338 | neighbor_delta=1.29443 | gmm=True | if=True | physical=False | near_gap=False | reason=GMM_IF_CONSENSUS
OUTLIER | sitekey=16 | timestamp=2021-01-16 14:15:00 | hour=14 | energy=2.80859 | raw_energy=2.80859 | shortwave=285 | expected=0.585449 | residual=2.22314 | neighbor_delta=1.28613 | gmm=True | if=True | physical=False | near_gap=False | reason=GMM_IF_CONSENSUS
OUTLIER | sitekey=16 | timestamp=2021-01-25 13:15:00 | hour=13 | energy=0.939453 | raw_energy=0.939453 | shortwave=945 | expected=3.17626 | residual=-2.23681 | neighbor_delta=-1.15039 | gmm=True | if=True | physical=True | near_gap=False | reason=GMM_IF_CONSENSUS+PHYSICAL_DISTRIBUTION_JUMP
CTX-2 reason_context_for=GMM_IF_CONSENSUS+PHYSICAL_DISTRIBUTION_JUMP | sitekey=16 | timestamp=2021-01-25 12:45:00 | hour=12 | energy=3.16016 | raw_energy=3.16016 | shortwave=945 | expected=3.17626 | residual=-0.0161046 | neighbor_delta=0.291504 | gmm=False | if=False | physical=False | near_gap=False | reason=FINAL_FLAG
CTX-1 reason_context_for=GMM_IF_CONSENSUS+PHYSICAL_DISTRIBUTION_JUMP | sitekey=16 | timestamp=2021-01-25 13:00:00 | hour=13 | energy=2.78906 | raw_energy=2.78906 | shortwave=945 | expected=3.17626 | residual=-0.387198 | neighbor_delta=0.782227 | gmm=False | if=False | physical=False | near_gap=False | reason=FINAL_FLAG
CTX+1 reason_context_for=GMM_IF_CONSENSUS+PHYSICAL_DISTRIBUTION_JUMP | sitekey=16 | timestamp=2021-01-25 13:30:00 | hour=13 | energy=0.443359 | raw_energy=0.443359 | shortwave=945 | expected=3.17626 | residual=-2.7329 | neighbor_delta=-0.72168 | gmm=True | if=True | physical=False | near_gap=False | reason=GMM_IF_CONSENSUS
CTX+2 reason_context_for=GMM_IF_CONSENSUS+PHYSICAL_DISTRIBUTION_JUMP | sitekey=16 | timestamp=2021-01-25 13:45:00 | hour=13 | energy=0.701172 | raw_energy=0.701172 | shortwave=687 | expected=1.84147 | residual=-1.1403 | neighbor_delta=-0.463867 | gmm=False | if=False | physical=False | near_gap=False | reason=FINAL_FLAG
OUTLIER | sitekey=16 | timestamp=2021-01-25 13:30:00 | hour=13 | energy=0.443359 | raw_energy=0.443359 | shortwave=945 | expected=3.17626 | residual=-2.7329 | neighbor_delta=-0.72168 | gmm=True | if=True | physical=False | near_gap=False | reason=GMM_IF_CONSENSUS
OUTLIER | sitekey=16 | timestamp=2021-01-26 14:30:00 | hour=14 | energy=2.57715 | raw_energy=2.57715 | shortwave=276 | expected=0.585449 | residual=1.9917 | neighbor_delta=1.63721 | gmm=True | if=True | physical=False | near_gap=False | reason=GMM_IF_CONSENSUS
OUTLIER | sitekey=16 | timestamp=2021-01-30 16:45:00 | hour=16 | energy=2.64453 | raw_energy=2.64453 | shortwave=344 | expected=0.585449 | residual=2.05908 | neighbor_delta=0.285645 | gmm=True | if=True | physical=False | near_gap=False | reason=GMM_IF_CONSENSUS

sitekey=17 | printed_outliers=10
OUTLIER | sitekey=17 | timestamp=2020-08-12 10:30:00 | hour=10 | energy=5.94531 | raw_energy=5.94531 | shortwave=188 | expected=1.29102 | residual=4.6543 | neighbor_delta=1.43286 | gmm=True | if=True | physical=False | near_gap=False | reason=GMM_IF_CONSENSUS
OUTLIER | sitekey=17 | timestamp=2020-08-25 11:00:00 | hour=11 | energy=7.53369 | raw_energy=7.53369 | shortwave=253 | expected=2.46741 | residual=5.06628 | neighbor_delta=1.95923 | gmm=True | if=True | physical=False | near_gap=False | reason=GMM_IF_CONSENSUS
OUTLIER | sitekey=17 | timestamp=2020-09-03 07:30:00 | hour=7 | energy=0.670898 | raw_energy=0.670898 | shortwave=3 | expected=0.027832 | residual=0.643066 | neighbor_delta=0.206055 | gmm=True | if=True | physical=False | near_gap=False | reason=GMM_IF_CONSENSUS
OUTLIER | sitekey=17 | timestamp=2020-09-04 07:30:00 | hour=7 | energy=0.657715 | raw_energy=0.657715 | shortwave=5 | expected=0.027832 | residual=0.629883 | neighbor_delta=-0.144287 | gmm=True | if=True | physical=False | near_gap=False | reason=GMM_IF_CONSENSUS
OUTLIER | sitekey=17 | timestamp=2020-09-07 07:30:00 | hour=7 | energy=0.741536 | raw_energy=0.741536 | shortwave=8 | expected=0.027832 | residual=0.713704 | neighbor_delta=-1.9984e-15 | gmm=True | if=True | physical=False | near_gap=False | reason=GMM_IF_CONSENSUS
OUTLIER | sitekey=17 | timestamp=2020-09-08 07:30:00 | hour=7 | energy=0.668945 | raw_energy=0.668945 | shortwave=7 | expected=0.027832 | residual=0.641113 | neighbor_delta=-0.0229492 | gmm=True | if=True | physical=False | near_gap=False | reason=GMM_IF_CONSENSUS
OUTLIER | sitekey=17 | timestamp=2020-09-13 10:45:00 | hour=10 | energy=7.37695 | raw_energy=7.37695 | shortwave=236 | expected=2.27344 | residual=5.10352 | neighbor_delta=1.31934 | gmm=True | if=True | physical=False | near_gap=False | reason=GMM_IF_CONSENSUS
OUTLIER | sitekey=17 | timestamp=2020-09-13 11:00:00 | hour=11 | energy=9.12109 | raw_energy=9.12109 | shortwave=236 | expected=2.27344 | residual=6.84766 | neighbor_delta=2.24805 | gmm=True | if=True | physical=False | near_gap=False | reason=GMM_IF_CONSENSUS
OUTLIER | sitekey=17 | timestamp=2020-09-13 11:30:00 | hour=11 | energy=8.74219 | raw_energy=8.74219 | shortwave=236 | expected=2.27344 | residual=6.46875 | neighbor_delta=1.03955 | gmm=True | if=True | physical=False | near_gap=False | reason=GMM_IF_CONSENSUS
OUTLIER | sitekey=17 | timestamp=2020-09-13 12:00:00 | hour=12 | energy=8.41602 | raw_energy=8.41602 | shortwave=269 | expected=2.27344 | residual=6.14258 | neighbor_delta=-0.278809 | gmm=True | if=True | physical=False | near_gap=False | reason=GMM_IF_CONSENSUS

sitekey=18 | printed_outliers=10
OUTLIER | sitekey=18 | timestamp=2020-07-27 11:15:00 | hour=11 | energy=19.8555 | raw_energy=19.8555 | shortwave=70 | expected=2.66221 | residual=17.1933 | neighbor_delta=16.2714 | gmm=True | if=True | physical=False | near_gap=False | reason=GMM_IF_CONSENSUS
OUTLIER | sitekey=18 | timestamp=2020-08-03 13:45:00 | hour=13 | energy=22.9141 | raw_energy=22.9141 | shortwave=173 | expected=5.09452 | residual=17.8195 | neighbor_delta=0.439453 | gmm=True | if=True | physical=False | near_gap=False | reason=GMM_IF_CONSENSUS
OUTLIER | sitekey=18 | timestamp=2020-08-03 14:00:00 | hour=14 | energy=21.5547 | raw_energy=21.5547 | shortwave=173 | expected=5.09452 | residual=16.4602 | neighbor_delta=1.23389 | gmm=True | if=True | physical=False | near_gap=False | reason=GMM_IF_CONSENSUS
OUTLIER | sitekey=18 | timestamp=2020-08-08 16:15:00 | hour=16 | energy=12.3457 | raw_energy=12.3457 | shortwave=93 | expected=2.66221 | residual=9.6835 | neighbor_delta=3.49854 | gmm=True | if=True | physical=False | near_gap=False | reason=GMM_IF_CONSENSUS
OUTLIER | sitekey=18 | timestamp=2020-08-12 10:30:00 | hour=10 | energy=22.2119 | raw_energy=22.2119 | shortwave=188 | expected=5.09452 | residual=17.1174 | neighbor_delta=5.27197 | gmm=True | if=True | physical=False | near_gap=False | reason=GMM_IF_CONSENSUS
OUTLIER | sitekey=18 | timestamp=2020-08-25 11:00:00 | hour=11 | energy=27.3184 | raw_energy=27.3184 | shortwave=253 | expected=10.0991 | residual=17.2192 | neighbor_delta=7.39648 | gmm=True | if=True | physical=False | near_gap=False | reason=GMM_IF_CONSENSUS
OUTLIER | sitekey=18 | timestamp=2020-08-28 07:30:00 | hour=7 | energy=1.79297 | raw_energy=1.79297 | shortwave=1 | expected=0.15686 | residual=1.63611 | neighbor_delta=0.244141 | gmm=True | if=True | physical=False | near_gap=False | reason=GMM_IF_CONSENSUS
OUTLIER | sitekey=18 | timestamp=2020-08-29 06:45:00 | hour=6 | energy=0.194661 | raw_energy=0.194661 | shortwave=1 | expected=0.15686 | residual=0.0378011 | neighbor_delta=-4.996e-16 | gmm=True | if=True | physical=False | near_gap=False | reason=GMM_IF_CONSENSUS
OUTLIER | sitekey=18 | timestamp=2020-08-29 07:00:00 | hour=7 | energy=0.389323 | raw_energy=0.389323 | shortwave=1 | expected=0.15686 | residual=0.232463 | neighbor_delta=4.996e-16 | gmm=True | if=True | physical=False | near_gap=False | reason=GMM_IF_CONSENSUS
OUTLIER | sitekey=18 | timestamp=2020-08-29 07:15:00 | hour=7 | energy=0.583984 | raw_energy=0.583984 | shortwave=1 | expected=0.15686 | residual=0.427124 | neighbor_delta=-0.582682 | gmm=True | if=True | physical=False | near_gap=False | reason=GMM_IF_CONSENSUS

sitekey=19 | printed_outliers=10
OUTLIER | sitekey=19 | timestamp=2020-08-03 13:45:00 | hour=13 | energy=26.5469 | raw_energy=26.5469 | shortwave=173 | expected=6.21875 | residual=20.3281 | neighbor_delta=1.54069 | gmm=True | if=True | physical=False | near_gap=False | reason=GMM_IF_CONSENSUS
OUTLIER | sitekey=19 | timestamp=2020-08-20 08:30:00 | hour=8 | energy=7.375 | raw_energy=7.375 | shortwave=18 | expected=0.19375 | residual=7.18125 | neighbor_delta=-0.175781 | gmm=False | if=True | physical=True | near_gap=False | reason=PHYSICAL_HIGH_ENERGY_NO_SUN+PHYSICAL_HIGH_ENERGY_LOW_RADIATION
OUTLIER | sitekey=19 | timestamp=2020-08-28 07:30:00 | hour=7 | energy=2.03711 | raw_energy=2.03711 | shortwave=1 | expected=0.19375 | residual=1.84336 | neighbor_delta=0.232747 | gmm=True | if=True | physical=False | near_gap=False | reason=GMM_IF_CONSENSUS
OUTLIER | sitekey=19 | timestamp=2020-09-01 07:30:00 | hour=7 | energy=2.45898 | raw_energy=2.45898 | shortwave=3 | expected=0.0625 | residual=2.39648 | neighbor_delta=-0.0996094 | gmm=True | if=True | physical=False | near_gap=False | reason=GMM_IF_CONSENSUS
OUTLIER | sitekey=19 | timestamp=2020-09-03 07:15:00 | hour=7 | energy=2.23828 | raw_energy=2.23828 | shortwave=3 | expected=0.0625 | residual=2.17578 | neighbor_delta=0.53776 | gmm=True | if=True | physical=False | near_gap=False | reason=GMM_IF_CONSENSUS
OUTLIER | sitekey=19 | timestamp=2020-09-03 07:30:00 | hour=7 | energy=2.92253 | raw_energy=2.92253 | shortwave=3 | expected=0.0625 | residual=2.86003 | neighbor_delta=4.88498e-15 | gmm=True | if=True | physical=False | near_gap=False | reason=GMM_IF_CONSENSUS
OUTLIER | sitekey=19 | timestamp=2020-09-13 10:45:00 | hour=10 | energy=31.0469 | raw_energy=31.0469 | shortwave=236 | expected=10.7396 | residual=20.3073 | neighbor_delta=7.73047 | gmm=True | if=True | physical=False | near_gap=False | reason=GMM_IF_CONSENSUS
OUTLIER | sitekey=19 | timestamp=2020-09-13 11:00:00 | hour=11 | energy=38.2969 | raw_energy=38.2969 | shortwave=236 | expected=10.7396 | residual=27.5573 | neighbor_delta=11.2402 | gmm=True | if=True | physical=False | near_gap=False | reason=GMM_IF_CONSENSUS
OUTLIER | sitekey=19 | timestamp=2020-09-13 11:30:00 | hour=11 | energy=34.4375 | raw_energy=34.4375 | shortwave=236 | expected=10.7396 | residual=23.6979 | neighbor_delta=3.61914 | gmm=True | if=True | physical=False | near_gap=False | reason=GMM_IF_CONSENSUS
OUTLIER | sitekey=19 | timestamp=2020-09-13 11:45:00 | hour=11 | energy=30.5898 | raw_energy=30.5898 | shortwave=269 | expected=10.7396 | residual=19.8503 | neighbor_delta=-3.47266 | gmm=True | if=True | physical=False | near_gap=False | reason=GMM_IF_CONSENSUS

sitekey=2 | printed_outliers=10
OUTLIER | sitekey=2 | timestamp=2020-01-04 15:15:00 | hour=15 | energy=3.912 | raw_energy=3.912 | shortwave=994 | expected=17.9062 | residual=-13.9942 | neighbor_delta=-6.4105 | gmm=True | if=True | physical=True | near_gap=False | reason=GMM_IF_CONSENSUS+PHYSICAL_DISTRIBUTION_JUMP
CTX-2 reason_context_for=GMM_IF_CONSENSUS+PHYSICAL_DISTRIBUTION_JUMP | sitekey=2 | timestamp=2020-01-04 14:45:00 | hour=14 | energy=16.122 | raw_energy=16.122 | shortwave=994 | expected=17.9062 | residual=-1.78425 | neighbor_delta=5.183 | gmm=False | if=False | physical=False | near_gap=False | reason=FINAL_FLAG
CTX-1 reason_context_for=GMM_IF_CONSENSUS+PHYSICAL_DISTRIBUTION_JUMP | sitekey=2 | timestamp=2020-01-04 15:00:00 | hour=15 | energy=10.198 | raw_energy=10.198 | shortwave=994 | expected=17.9062 | residual=-7.70825 | neighbor_delta=-0.741 | gmm=False | if=False | physical=False | near_gap=False | reason=FINAL_FLAG
CTX+1 reason_context_for=GMM_IF_CONSENSUS+PHYSICAL_DISTRIBUTION_JUMP | sitekey=2 | timestamp=2020-01-04 15:30:00 | hour=15 | energy=0.576 | raw_energy=0.576 | shortwave=994 | expected=17.9062 | residual=-17.3302 | neighbor_delta=-6.9135 | gmm=True | if=True | physical=True | near_gap=False | reason=GMM_IF_CONSENSUS+PHYSICAL_LOW_ENERGY_STRONG_SUN+PHYSICAL_DISTRIBUTION_JUMP
CTX+2 reason_context_for=GMM_IF_CONSENSUS+PHYSICAL_DISTRIBUTION_JUMP | sitekey=2 | timestamp=2020-01-04 15:45:00 | hour=15 | energy=10.447 | raw_energy=10.447 | shortwave=885 | expected=15.625 | residual=-5.178 | neighbor_delta=6.1005 | gmm=False | if=False | physical=False | near_gap=False | reason=FINAL_FLAG
OUTLIER | sitekey=2 | timestamp=2020-01-04 15:30:00 | hour=15 | energy=0.576 | raw_energy=0.576 | shortwave=994 | expected=17.9062 | residual=-17.3302 | neighbor_delta=-6.9135 | gmm=True | if=True | physical=True | near_gap=False | reason=GMM_IF_CONSENSUS+PHYSICAL_LOW_ENERGY_STRONG_SUN+PHYSICAL_DISTRIBUTION_JUMP
CTX-2 reason_context_for=GMM_IF_CONSENSUS+PHYSICAL_LOW_ENERGY_STRONG_SUN+PHYSICAL_DISTRIBUTION_JUMP | sitekey=2 | timestamp=2020-01-04 15:00:00 | hour=15 | energy=10.198 | raw_energy=10.198 | shortwave=994 | expected=17.9062 | residual=-7.70825 | neighbor_delta=-0.741 | gmm=False | if=False | physical=False | near_gap=False | reason=FINAL_FLAG
CTX-1 reason_context_for=GMM_IF_CONSENSUS+PHYSICAL_LOW_ENERGY_STRONG_SUN+PHYSICAL_DISTRIBUTION_JUMP | sitekey=2 | timestamp=2020-01-04 15:15:00 | hour=15 | energy=3.912 | raw_energy=3.912 | shortwave=994 | expected=17.9062 | residual=-13.9942 | neighbor_delta=-6.4105 | gmm=True | if=True | physical=True | near_gap=False | reason=GMM_IF_CONSENSUS+PHYSICAL_DISTRIBUTION_JUMP
CTX+1 reason_context_for=GMM_IF_CONSENSUS+PHYSICAL_LOW_ENERGY_STRONG_SUN+PHYSICAL_DISTRIBUTION_JUMP | sitekey=2 | timestamp=2020-01-04 15:45:00 | hour=15 | energy=10.447 | raw_energy=10.447 | shortwave=885 | expected=15.625 | residual=-5.178 | neighbor_delta=6.1005 | gmm=False | if=False | physical=False | near_gap=False | reason=FINAL_FLAG
CTX+2 reason_context_for=GMM_IF_CONSENSUS+PHYSICAL_LOW_ENERGY_STRONG_SUN+PHYSICAL_DISTRIBUTION_JUMP | sitekey=2 | timestamp=2020-01-04 16:00:00 | hour=16 | energy=2.528 | raw_energy=2.528 | shortwave=885 | expected=15.625 | residual=-13.097 | neighbor_delta=-4.9615 | gmm=True | if=True | physical=False | near_gap=False | reason=GMM_IF_CONSENSUS
OUTLIER | sitekey=2 | timestamp=2020-01-04 16:00:00 | hour=16 | energy=2.528 | raw_energy=2.528 | shortwave=885 | expected=15.625 | residual=-13.097 | neighbor_delta=-4.9615 | gmm=True | if=True | physical=False | near_gap=False | reason=GMM_IF_CONSENSUS
OUTLIER | sitekey=2 | timestamp=2020-01-04 16:30:00 | hour=16 | energy=3.789 | raw_energy=3.789 | shortwave=885 | expected=15.625 | residual=-11.836 | neighbor_delta=-5.763 | gmm=True | if=True | physical=False | near_gap=False | reason=GMM_IF_CONSENSUS
OUTLIER | sitekey=2 | timestamp=2020-01-05 12:45:00 | hour=12 | energy=0.878 | raw_energy=0.878 | shortwave=711 | expected=15.625 | residual=-14.747 | neighbor_delta=-0.442 | gmm=True | if=True | physical=False | near_gap=False | reason=GMM_IF_CONSENSUS
OUTLIER | sitekey=2 | timestamp=2020-01-05 13:00:00 | hour=13 | energy=1.39 | raw_energy=1.39 | shortwave=711 | expected=15.625 | residual=-14.235 | neighbor_delta=0.346 | gmm=True | if=True | physical=False | near_gap=False | reason=GMM_IF_CONSENSUS
OUTLIER | sitekey=2 | timestamp=2020-01-05 13:15:00 | hour=13 | energy=1.509 | raw_energy=1.509 | shortwave=711 | expected=15.625 | residual=-14.116 | neighbor_delta=0.656 | gmm=True | if=True | physical=False | near_gap=False | reason=GMM_IF_CONSENSUS
OUTLIER | sitekey=2 | timestamp=2020-01-05 13:30:00 | hour=13 | energy=1.36 | raw_energy=1.36 | shortwave=711 | expected=15.625 | residual=-14.265 | neighbor_delta=0.507 | gmm=True | if=True | physical=False | near_gap=False | reason=GMM_IF_CONSENSUS
OUTLIER | sitekey=2 | timestamp=2020-01-05 13:45:00 | hour=13 | energy=0.625 | raw_energy=0.625 | shortwave=701 | expected=15.625 | residual=-15 | neighbor_delta=-0.3295 | gmm=True | if=True | physical=True | near_gap=False | reason=GMM_IF_CONSENSUS+PHYSICAL_LOW_ENERGY_STRONG_SUN
OUTLIER | sitekey=2 | timestamp=2020-01-05 14:00:00 | hour=14 | energy=0.773 | raw_energy=0.773 | shortwave=701 | expected=15.625 | residual=-14.852 | neighbor_delta=-0.1565 | gmm=True | if=True | physical=True | near_gap=False | reason=GMM_IF_CONSENSUS+PHYSICAL_LOW_ENERGY_STRONG_SUN

sitekey=20 | printed_outliers=10
OUTLIER | sitekey=20 | timestamp=2020-07-27 11:15:00 | hour=11 | energy=10.0972 | raw_energy=10.0972 | shortwave=70 | expected=1.25238 | residual=8.84479 | neighbor_delta=8.4218 | gmm=True | if=True | physical=True | near_gap=False | reason=GMM_IF_CONSENSUS+PHYSICAL_DISTRIBUTION_JUMP
CTX-2 reason_context_for=GMM_IF_CONSENSUS+PHYSICAL_DISTRIBUTION_JUMP | sitekey=20 | timestamp=2020-07-27 10:45:00 | hour=10 | energy=1.70996 | raw_energy=1.70996 | shortwave=70 | expected=1.25238 | residual=0.457581 | neighbor_delta=0.034592 | gmm=False | if=False | physical=False | near_gap=False | reason=FINAL_FLAG
CTX-1 reason_context_for=GMM_IF_CONSENSUS+PHYSICAL_DISTRIBUTION_JUMP | sitekey=20 | timestamp=2020-07-27 11:00:00 | hour=11 | energy=3.91748 | raw_energy=3.91748 | shortwave=70 | expected=1.25238 | residual=2.6651 | neighbor_delta=2.24211 | gmm=False | if=False | physical=False | near_gap=False | reason=FINAL_FLAG
CTX+1 reason_context_for=GMM_IF_CONSENSUS+PHYSICAL_DISTRIBUTION_JUMP | sitekey=20 | timestamp=2020-07-27 11:30:00 | hour=11 | energy=4.85449 | raw_energy=4.85449 | shortwave=70 | expected=1.25238 | residual=3.60211 | neighbor_delta=3.36568 | gmm=False | if=False | physical=False | near_gap=False | reason=FINAL_FLAG
CTX+2 reason_context_for=GMM_IF_CONSENSUS+PHYSICAL_DISTRIBUTION_JUMP | sitekey=20 | timestamp=2020-07-27 11:45:00 | hour=11 | energy=1.30225 | raw_energy=1.30225 | shortwave=122 | expected=2.28906 | residual=-0.986816 | neighbor_delta=-1.51147 | gmm=False | if=False | physical=False | near_gap=False | reason=FINAL_FLAG
OUTLIER | sitekey=20 | timestamp=2020-08-28 07:30:00 | hour=7 | energy=0.857422 | raw_energy=0.857422 | shortwave=1 | expected=0.125 | residual=0.732422 | neighbor_delta=0.148926 | gmm=True | if=True | physical=False | near_gap=False | reason=GMM_IF_CONSENSUS
OUTLIER | sitekey=20 | timestamp=2020-08-29 07:30:00 | hour=7 | energy=0.725586 | raw_energy=0.725586 | shortwave=1 | expected=0.125 | residual=0.600586 | neighbor_delta=-0.161621 | gmm=True | if=True | physical=False | near_gap=False | reason=GMM_IF_CONSENSUS
OUTLIER | sitekey=20 | timestamp=2020-09-01 07:30:00 | hour=7 | energy=1.08301 | raw_energy=1.08301 | shortwave=3 | expected=0.0426432 | residual=1.04036 | neighbor_delta=-0.059082 | gmm=True | if=True | physical=False | near_gap=False | reason=GMM_IF_CONSENSUS
OUTLIER | sitekey=20 | timestamp=2020-09-03 06:45:00 | hour=6 | energy=0.287435 | raw_energy=0.287435 | shortwave=3 | expected=0.0426432 | residual=0.244792 | neighbor_delta=-4.996e-16 | gmm=True | if=True | physical=False | near_gap=False | reason=GMM_IF_CONSENSUS
OUTLIER | sitekey=20 | timestamp=2020-09-03 07:00:00 | hour=7 | energy=0.57487 | raw_energy=0.57487 | shortwave=3 | expected=0.0426432 | residual=0.532227 | neighbor_delta=0.0473633 | gmm=True | if=True | physical=False | near_gap=False | reason=GMM_IF_CONSENSUS
OUTLIER | sitekey=20 | timestamp=2020-09-03 07:15:00 | hour=7 | energy=0.862305 | raw_energy=0.862305 | shortwave=3 | expected=0.0426432 | residual=0.819661 | neighbor_delta=0.191081 | gmm=True | if=True | physical=False | near_gap=False | reason=GMM_IF_CONSENSUS
OUTLIER | sitekey=20 | timestamp=2020-09-03 07:30:00 | hour=7 | energy=1.32324 | raw_energy=1.32324 | shortwave=3 | expected=0.0426432 | residual=1.2806 | neighbor_delta=0.508301 | gmm=True | if=True | physical=False | near_gap=False | reason=GMM_IF_CONSENSUS
OUTLIER | sitekey=20 | timestamp=2020-09-13 11:00:00 | hour=11 | energy=13.877 | raw_energy=13.877 | shortwave=236 | expected=4.09766 | residual=9.7793 | neighbor_delta=4.06934 | gmm=True | if=True | physical=False | near_gap=False | reason=GMM_IF_CONSENSUS
OUTLIER | sitekey=20 | timestamp=2020-09-13 11:30:00 | hour=11 | energy=13.209 | raw_energy=13.209 | shortwave=236 | expected=4.09766 | residual=9.11133 | neighbor_delta=1.80957 | gmm=True | if=True | physical=False | near_gap=False | reason=GMM_IF_CONSENSUS

sitekey=21 | printed_outliers=10
OUTLIER | sitekey=21 | timestamp=2020-07-27 11:15:00 | hour=11 | energy=4.11011 | raw_energy=4.11011 | shortwave=70 | expected=0.531738 | residual=3.57837 | neighbor_delta=1.88055 | gmm=False | if=True | physical=True | near_gap=False | reason=PHYSICAL_DISTRIBUTION_JUMP
CTX-2 reason_context_for=PHYSICAL_DISTRIBUTION_JUMP | sitekey=21 | timestamp=2020-07-27 10:45:00 | hour=10 | energy=3.2016 | raw_energy=3.2016 | shortwave=70 | expected=0.531738 | residual=2.66986 | neighbor_delta=0.972046 | gmm=False | if=False | physical=False | near_gap=False | reason=FINAL_FLAG
CTX-1 reason_context_for=PHYSICAL_DISTRIBUTION_JUMP | sitekey=21 | timestamp=2020-07-27 11:00:00 | hour=11 | energy=3.65585 | raw_energy=3.65585 | shortwave=70 | expected=0.531738 | residual=3.12411 | neighbor_delta=1.4263 | gmm=False | if=True | physical=False | near_gap=False | reason=FINAL_FLAG
CTX+1 reason_context_for=PHYSICAL_DISTRIBUTION_JUMP | sitekey=21 | timestamp=2020-07-27 11:30:00 | hour=11 | energy=2.16602 | raw_energy=2.16602 | shortwave=70 | expected=0.531738 | residual=1.63428 | neighbor_delta=0.493393 | gmm=False | if=False | physical=False | near_gap=False | reason=FINAL_FLAG
CTX+2 reason_context_for=PHYSICAL_DISTRIBUTION_JUMP | sitekey=21 | timestamp=2020-07-27 11:45:00 | hour=11 | energy=0.5979 | raw_energy=0.5979 | shortwave=122 | expected=1.01172 | residual=-0.413818 | neighbor_delta=-1.40234 | gmm=False | if=False | physical=False | near_gap=False | reason=FINAL_FLAG
OUTLIER | sitekey=21 | timestamp=2020-09-03 07:30:00 | hour=7 | energy=0.525879 | raw_energy=0.525879 | shortwave=3 | expected=0.022998 | residual=0.502881 | neighbor_delta=0.194092 | gmm=True | if=True | physical=False | near_gap=False | reason=GMM_IF_CONSENSUS
OUTLIER | sitekey=21 | timestamp=2020-09-13 10:45:00 | hour=10 | energy=5.80371 | raw_energy=5.80371 | shortwave=236 | expected=1.95068 | residual=3.85303 | neighbor_delta=1.5022 | gmm=True | if=True | physical=False | near_gap=False | reason=GMM_IF_CONSENSUS
OUTLIER | sitekey=21 | timestamp=2020-09-13 11:00:00 | hour=11 | energy=6.69141 | raw_energy=6.69141 | shortwave=236 | expected=1.95068 | residual=4.74072 | neighbor_delta=2.14844 | gmm=True | if=True | physical=False | near_gap=False | reason=GMM_IF_CONSENSUS
OUTLIER | sitekey=21 | timestamp=2020-09-13 11:30:00 | hour=11 | energy=6.36279 | raw_energy=6.36279 | shortwave=236 | expected=1.95068 | residual=4.41211 | neighbor_delta=1.10205 | gmm=True | if=True | physical=False | near_gap=False | reason=GMM_IF_CONSENSUS
OUTLIER | sitekey=21 | timestamp=2020-09-13 12:00:00 | hour=12 | energy=5.93311 | raw_energy=5.93311 | shortwave=269 | expected=1.95068 | residual=3.98242 | neighbor_delta=-0.593994 | gmm=True | if=True | physical=False | near_gap=False | reason=GMM_IF_CONSENSUS
OUTLIER | sitekey=21 | timestamp=2020-09-13 12:30:00 | hour=12 | energy=6.93311 | raw_energy=6.93311 | shortwave=269 | expected=1.95068 | residual=4.98242 | neighbor_delta=0.575928 | gmm=True | if=True | physical=False | near_gap=False | reason=GMM_IF_CONSENSUS
OUTLIER | sitekey=21 | timestamp=2020-09-16 13:30:00 | hour=13 | energy=0.123047 | raw_energy=0.123047 | shortwave=766 | expected=6.66797 | residual=-6.54492 | neighbor_delta=-4.8833 | gmm=True | if=True | physical=True | near_gap=False | reason=GMM_IF_CONSENSUS+PHYSICAL_LOW_ENERGY_STRONG_SUN
OUTLIER | sitekey=21 | timestamp=2020-09-21 13:30:00 | hour=13 | energy=6.03613 | raw_energy=6.03613 | shortwave=197 | expected=1.06934 | residual=4.9668 | neighbor_delta=2.03955 | gmm=True | if=True | physical=False | near_gap=False | reason=GMM_IF_CONSENSUS
OUTLIER | sitekey=21 | timestamp=2020-09-21 14:45:00 | hour=14 | energy=5.82715 | raw_energy=5.82715 | shortwave=87 | expected=0.32959 | residual=5.49756 | neighbor_delta=0.280762 | gmm=True | if=True | physical=False | near_gap=False | reason=GMM_IF_CONSENSUS

sitekey=22 | printed_outliers=10
OUTLIER | sitekey=22 | timestamp=2020-06-15 11:30:00 | hour=11 | energy=8.87775 | raw_energy=8.87775 | shortwave=173 | expected=2.03839 | residual=6.83936 | neighbor_delta=3.94016 | gmm=True | if=True | physical=False | near_gap=False | reason=GMM_IF_CONSENSUS
OUTLIER | sitekey=22 | timestamp=2020-08-29 07:30:00 | hour=7 | energy=0.65332 | raw_energy=0.65332 | shortwave=1 | expected=0.113281 | residual=0.540039 | neighbor_delta=-0.125814 | gmm=True | if=True | physical=False | near_gap=False | reason=GMM_IF_CONSENSUS
OUTLIER | sitekey=22 | timestamp=2020-09-01 07:30:00 | hour=7 | energy=0.948242 | raw_energy=0.948242 | shortwave=3 | expected=0.0372721 | residual=0.91097 | neighbor_delta=0.00341797 | gmm=True | if=True | physical=False | near_gap=False | reason=GMM_IF_CONSENSUS
OUTLIER | sitekey=22 | timestamp=2020-09-03 07:15:00 | hour=7 | energy=0.766602 | raw_energy=0.766602 | shortwave=3 | expected=0.0372721 | residual=0.729329 | neighbor_delta=0.384766 | gmm=True | if=True | physical=False | near_gap=False | reason=GMM_IF_CONSENSUS
OUTLIER | sitekey=22 | timestamp=2020-09-03 07:30:00 | hour=7 | energy=1.09961 | raw_energy=1.09961 | shortwave=3 | expected=0.0372721 | residual=1.06234 | neighbor_delta=0.418457 | gmm=True | if=True | physical=False | near_gap=False | reason=GMM_IF_CONSENSUS
OUTLIER | sitekey=22 | timestamp=2020-09-13 10:45:00 | hour=10 | energy=10.3301 | raw_energy=10.3301 | shortwave=236 | expected=3.66406 | residual=6.66602 | neighbor_delta=2.16553 | gmm=True | if=True | physical=False | near_gap=False | reason=GMM_IF_CONSENSUS
OUTLIER | sitekey=22 | timestamp=2020-09-13 11:00:00 | hour=11 | energy=11.9834 | raw_energy=11.9834 | shortwave=236 | expected=3.66406 | residual=8.31934 | neighbor_delta=3.40576 | gmm=True | if=True | physical=False | near_gap=False | reason=GMM_IF_CONSENSUS
OUTLIER | sitekey=22 | timestamp=2020-09-13 12:00:00 | hour=12 | energy=10.4141 | raw_energy=10.4141 | shortwave=269 | expected=3.66406 | residual=6.75 | neighbor_delta=-0.608398 | gmm=True | if=True | physical=False | near_gap=False | reason=GMM_IF_CONSENSUS
OUTLIER | sitekey=22 | timestamp=2020-09-13 12:30:00 | hour=12 | energy=11.9717 | raw_energy=11.9717 | shortwave=269 | expected=3.66406 | residual=8.30762 | neighbor_delta=1.08203 | gmm=True | if=True | physical=False | near_gap=False | reason=GMM_IF_CONSENSUS
OUTLIER | sitekey=22 | timestamp=2020-09-16 13:30:00 | hour=13 | energy=0.748047 | raw_energy=0.748047 | shortwave=766 | expected=12.1562 | residual=-11.4082 | neighbor_delta=-8.41895 | gmm=True | if=True | physical=False | near_gap=False | reason=GMM_IF_CONSENSUS

sitekey=23 | printed_outliers=10
OUTLIER | sitekey=23 | timestamp=2020-08-26 13:15:00 | hour=13 | energy=9.43073 | raw_energy=9.43073 | shortwave=330 | expected=2.93865 | residual=6.49208 | neighbor_delta=5.04859 | gmm=True | if=True | physical=False | near_gap=False | reason=GMM_IF_CONSENSUS
OUTLIER | sitekey=23 | timestamp=2020-09-13 11:00:00 | hour=11 | energy=10.2856 | raw_energy=10.2856 | shortwave=236 | expected=2.79639 | residual=7.48926 | neighbor_delta=3.97046 | gmm=True | if=True | physical=False | near_gap=False | reason=GMM_IF_CONSENSUS
OUTLIER | sitekey=23 | timestamp=2020-09-21 13:30:00 | hour=13 | energy=9.30664 | raw_energy=9.30664 | shortwave=197 | expected=1.41052 | residual=7.89612 | neighbor_delta=2.87427 | gmm=True | if=True | physical=False | near_gap=False | reason=GMM_IF_CONSENSUS
OUTLIER | sitekey=23 | timestamp=2020-09-21 14:00:00 | hour=14 | energy=11.189 | raw_energy=11.189 | shortwave=262 | expected=2.79639 | residual=8.39258 | neighbor_delta=1.7644 | gmm=True | if=True | physical=False | near_gap=False | reason=GMM_IF_CONSENSUS
OUTLIER | sitekey=23 | timestamp=2020-09-21 14:15:00 | hour=14 | energy=10.7856 | raw_energy=10.7856 | shortwave=262 | expected=2.79639 | residual=7.98926 | neighbor_delta=1.36108 | gmm=True | if=True | physical=False | near_gap=False | reason=GMM_IF_CONSENSUS
OUTLIER | sitekey=23 | timestamp=2020-09-21 14:30:00 | hour=14 | energy=10.3931 | raw_energy=10.3931 | shortwave=262 | expected=2.79639 | residual=7.59668 | neighbor_delta=0.968506 | gmm=True | if=True | physical=False | near_gap=False | reason=GMM_IF_CONSENSUS
OUTLIER | sitekey=23 | timestamp=2020-09-21 14:45:00 | hour=14 | energy=10.022 | raw_energy=10.022 | shortwave=87 | expected=0.512207 | residual=9.50977 | neighbor_delta=0.671143 | gmm=True | if=True | physical=False | near_gap=False | reason=GMM_IF_CONSENSUS
OUTLIER | sitekey=23 | timestamp=2020-09-21 15:00:00 | hour=15 | energy=9.54248 | raw_energy=9.54248 | shortwave=87 | expected=0.512207 | residual=9.03027 | neighbor_delta=0.0678711 | gmm=True | if=True | physical=False | near_gap=False | reason=GMM_IF_CONSENSUS
OUTLIER | sitekey=23 | timestamp=2020-09-21 15:15:00 | hour=15 | energy=8.92725 | raw_energy=8.92725 | shortwave=87 | expected=0.512207 | residual=8.41504 | neighbor_delta=0.0229492 | gmm=True | if=True | physical=False | near_gap=False | reason=GMM_IF_CONSENSUS
OUTLIER | sitekey=23 | timestamp=2020-09-21 15:30:00 | hour=15 | energy=8.26611 | raw_energy=8.26611 | shortwave=87 | expected=0.512207 | residual=7.75391 | neighbor_delta=0.290283 | gmm=True | if=True | physical=False | near_gap=False | reason=GMM_IF_CONSENSUS

sitekey=24 | printed_outliers=10
OUTLIER | sitekey=24 | timestamp=2020-06-15 11:30:00 | hour=11 | energy=13.6878 | raw_energy=13.6878 | shortwave=173 | expected=2.8125 | residual=10.8753 | neighbor_delta=6.67485 | gmm=True | if=True | physical=False | near_gap=False | reason=GMM_IF_CONSENSUS
OUTLIER | sitekey=24 | timestamp=2020-08-03 14:00:00 | hour=14 | energy=11.8535 | raw_energy=11.8535 | shortwave=173 | expected=2.8125 | residual=9.04102 | neighbor_delta=0.697917 | gmm=True | if=True | physical=False | near_gap=False | reason=GMM_IF_CONSENSUS
OUTLIER | sitekey=24 | timestamp=2020-08-08 16:15:00 | hour=16 | energy=7.36621 | raw_energy=7.36621 | shortwave=93 | expected=1.42441 | residual=5.9418 | neighbor_delta=1.7972 | gmm=True | if=True | physical=False | near_gap=False | reason=GMM_IF_CONSENSUS
OUTLIER | sitekey=24 | timestamp=2020-08-20 08:30:00 | hour=8 | energy=4.40625 | raw_energy=4.40625 | shortwave=18 | expected=0.140625 | residual=4.26562 | neighbor_delta=-0.0771484 | gmm=True | if=True | physical=False | near_gap=False | reason=GMM_IF_CONSENSUS
OUTLIER | sitekey=24 | timestamp=2020-08-29 07:30:00 | hour=7 | energy=0.992188 | raw_energy=0.992188 | shortwave=1 | expected=0.140625 | residual=0.851562 | neighbor_delta=-0.131836 | gmm=True | if=True | physical=False | near_gap=False | reason=GMM_IF_CONSENSUS
OUTLIER | sitekey=24 | timestamp=2020-09-01 07:30:00 | hour=7 | energy=1.24805 | raw_energy=1.24805 | shortwave=3 | expected=0.048112 | residual=1.19993 | neighbor_delta=-0.0595703 | gmm=True | if=True | physical=False | near_gap=False | reason=GMM_IF_CONSENSUS
OUTLIER | sitekey=24 | timestamp=2020-09-03 07:15:00 | hour=7 | energy=0.976562 | raw_energy=0.976562 | shortwave=3 | expected=0.048112 | residual=0.928451 | neighbor_delta=0.108398 | gmm=True | if=True | physical=False | near_gap=False | reason=GMM_IF_CONSENSUS
OUTLIER | sitekey=24 | timestamp=2020-09-03 07:30:00 | hour=7 | energy=1.50781 | raw_energy=1.50781 | shortwave=3 | expected=0.048112 | residual=1.4597 | neighbor_delta=-0.207357 | gmm=True | if=True | physical=False | near_gap=False | reason=GMM_IF_CONSENSUS
OUTLIER | sitekey=24 | timestamp=2020-09-13 10:45:00 | hour=10 | energy=15.1836 | raw_energy=15.1836 | shortwave=236 | expected=4.55371 | residual=10.6299 | neighbor_delta=3.73828 | gmm=True | if=True | physical=False | near_gap=False | reason=GMM_IF_CONSENSUS
OUTLIER | sitekey=24 | timestamp=2020-09-13 11:00:00 | hour=11 | energy=16.668 | raw_energy=16.668 | shortwave=236 | expected=4.55371 | residual=12.1143 | neighbor_delta=3.25 | gmm=True | if=True | physical=False | near_gap=False | reason=GMM_IF_CONSENSUS

sitekey=25 | printed_outliers=10
OUTLIER | sitekey=25 | timestamp=2020-08-20 08:15:00 | hour=8 | energy=13.043 | raw_energy=13.043 | shortwave=18 | expected=0.3125 | residual=12.7305 | neighbor_delta=-0.105469 | gmm=True | if=True | physical=False | near_gap=False | reason=GMM_IF_CONSENSUS
OUTLIER | sitekey=25 | timestamp=2020-08-29 07:30:00 | hour=7 | energy=3.73047 | raw_energy=3.73047 | shortwave=1 | expected=0.3125 | residual=3.41797 | neighbor_delta=-1.17513 | gmm=True | if=True | physical=False | near_gap=False | reason=GMM_IF_CONSENSUS
OUTLIER | sitekey=25 | timestamp=2020-09-13 11:00:00 | hour=11 | energy=74.4297 | raw_energy=74.4297 | shortwave=236 | expected=20.3711 | residual=54.0586 | neighbor_delta=23.1953 | gmm=True | if=True | physical=False | near_gap=False | reason=GMM_IF_CONSENSUS
OUTLIER | sitekey=25 | timestamp=2020-09-13 11:30:00 | hour=11 | energy=65.5469 | raw_energy=65.5469 | shortwave=236 | expected=20.3711 | residual=45.1758 | neighbor_delta=6.97656 | gmm=True | if=True | physical=False | near_gap=False | reason=GMM_IF_CONSENSUS
OUTLIER | sitekey=25 | timestamp=2020-09-13 12:00:00 | hour=12 | energy=65.1484 | raw_energy=65.1484 | shortwave=269 | expected=20.3711 | residual=44.7773 | neighbor_delta=-3.83594 | gmm=True | if=True | physical=False | near_gap=False | reason=GMM_IF_CONSENSUS
OUTLIER | sitekey=25 | timestamp=2020-09-13 12:30:00 | hour=12 | energy=72.4219 | raw_energy=72.4219 | shortwave=269 | expected=20.3711 | residual=52.0508 | neighbor_delta=6.23438 | gmm=True | if=True | physical=False | near_gap=False | reason=GMM_IF_CONSENSUS
OUTLIER | sitekey=25 | timestamp=2020-09-16 13:30:00 | hour=13 | energy=2.11719 | raw_energy=2.11719 | shortwave=766 | expected=68.6719 | residual=-66.5547 | neighbor_delta=-50.2891 | gmm=True | if=True | physical=True | near_gap=False | reason=GMM_IF_CONSENSUS+PHYSICAL_LOW_ENERGY_STRONG_SUN
OUTLIER | sitekey=25 | timestamp=2020-09-21 13:30:00 | hour=13 | energy=60.5 | raw_energy=60.5 | shortwave=197 | expected=11.4297 | residual=49.0703 | neighbor_delta=19.0273 | gmm=True | if=True | physical=False | near_gap=False | reason=GMM_IF_CONSENSUS
OUTLIER | sitekey=25 | timestamp=2020-09-21 14:00:00 | hour=14 | energy=71.75 | raw_energy=71.75 | shortwave=262 | expected=20.3711 | residual=51.3789 | neighbor_delta=12.4453 | gmm=True | if=True | physical=False | near_gap=False | reason=GMM_IF_CONSENSUS
OUTLIER | sitekey=25 | timestamp=2020-09-21 14:45:00 | hour=14 | energy=59.2188 | raw_energy=59.2188 | shortwave=87 | expected=3.46484 | residual=55.7539 | neighbor_delta=1.92969 | gmm=True | if=True | physical=False | near_gap=False | reason=GMM_IF_CONSENSUS

sitekey=26 | printed_outliers=10
OUTLIER | sitekey=26 | timestamp=2020-08-03 13:45:00 | hour=13 | energy=4.54346 | raw_energy=4.54346 | shortwave=173 | expected=1.14844 | residual=3.39502 | neighbor_delta=0.0848389 | gmm=True | if=True | physical=False | near_gap=False | reason=GMM_IF_CONSENSUS
OUTLIER | sitekey=26 | timestamp=2020-08-03 14:00:00 | hour=14 | energy=4.302 | raw_energy=4.302 | shortwave=173 | expected=1.14844 | residual=3.15356 | neighbor_delta=0.185547 | gmm=True | if=True | physical=False | near_gap=False | reason=GMM_IF_CONSENSUS
OUTLIER | sitekey=26 | timestamp=2020-09-06 07:30:00 | hour=7 | energy=0.687012 | raw_energy=0.687012 | shortwave=7 | expected=0.0243652 | residual=0.662646 | neighbor_delta=-0.03125 | gmm=True | if=True | physical=False | near_gap=False | reason=GMM_IF_CONSENSUS
OUTLIER | sitekey=26 | timestamp=2020-09-07 07:30:00 | hour=7 | energy=0.712077 | raw_energy=0.712077 | shortwave=8 | expected=0.0243652 | residual=0.687712 | neighbor_delta=1.9984e-15 | gmm=True | if=True | physical=False | near_gap=False | reason=GMM_IF_CONSENSUS
OUTLIER | sitekey=26 | timestamp=2020-09-13 11:00:00 | hour=11 | energy=6.66357 | raw_energy=6.66357 | shortwave=236 | expected=2.07715 | residual=4.58643 | neighbor_delta=2.1333 | gmm=True | if=True | physical=False | near_gap=False | reason=GMM_IF_CONSENSUS
OUTLIER | sitekey=26 | timestamp=2020-09-13 11:30:00 | hour=11 | energy=6.10156 | raw_energy=6.10156 | shortwave=236 | expected=2.07715 | residual=4.02441 | neighbor_delta=0.907227 | gmm=True | if=True | physical=False | near_gap=False | reason=GMM_IF_CONSENSUS
OUTLIER | sitekey=26 | timestamp=2020-09-13 12:30:00 | hour=12 | energy=6.59863 | raw_energy=6.59863 | shortwave=269 | expected=2.07715 | residual=4.52148 | neighbor_delta=0.581543 | gmm=True | if=True | physical=False | near_gap=False | reason=GMM_IF_CONSENSUS
OUTLIER | sitekey=26 | timestamp=2020-09-22 07:15:00 | hour=7 | energy=1.91309 | raw_energy=1.91309 | shortwave=34 | expected=0.16748 | residual=1.74561 | neighbor_delta=0.451788 | gmm=True | if=True | physical=False | near_gap=False | reason=GMM_IF_CONSENSUS
OUTLIER | sitekey=26 | timestamp=2020-09-22 07:30:00 | hour=7 | energy=2.55078 | raw_energy=2.55078 | shortwave=34 | expected=0.16748 | residual=2.3833 | neighbor_delta=0.903576 | gmm=True | if=True | physical=False | near_gap=False | reason=GMM_IF_CONSENSUS
OUTLIER | sitekey=26 | timestamp=2020-09-22 17:45:00 | hour=17 | energy=4.6429 | raw_energy=4.6429 | shortwave=55 | expected=0.396484 | residual=4.24642 | neighbor_delta=0.702637 | gmm=True | if=True | physical=False | near_gap=False | reason=GMM_IF_CONSENSUS

sitekey=27 | printed_outliers=10
OUTLIER | sitekey=27 | timestamp=2020-01-12 09:30:00 | hour=9 | energy=73.7344 | raw_energy=73.7344 | shortwave=252 | expected=21.9375 | residual=51.7969 | neighbor_delta=32.8359 | gmm=True | if=True | physical=False | near_gap=False | reason=GMM_IF_CONSENSUS
OUTLIER | sitekey=27 | timestamp=2020-01-15 16:30:00 | hour=16 | energy=3.86719 | raw_energy=3.86719 | shortwave=656 | expected=52.0982 | residual=-48.231 | neighbor_delta=-5.65234 | gmm=True | if=True | physical=False | near_gap=False | reason=GMM_IF_CONSENSUS
OUTLIER | sitekey=27 | timestamp=2020-01-15 16:45:00 | hour=16 | energy=0.6875 | raw_energy=0.6875 | shortwave=635 | expected=52.0982 | residual=-51.4107 | neighbor_delta=-1.54074 | gmm=True | if=True | physical=False | near_gap=False | reason=GMM_IF_CONSENSUS
OUTLIER | sitekey=27 | timestamp=2020-01-15 17:00:00 | hour=17 | energy=0.589286 | raw_energy=0.589286 | shortwave=635 | expected=52.0982 | residual=-51.509 | neighbor_delta=-5.55112e-16 | gmm=True | if=True | physical=False | near_gap=False | reason=GMM_IF_CONSENSUS
OUTLIER | sitekey=27 | timestamp=2020-01-15 17:15:00 | hour=17 | energy=0.491071 | raw_energy=0.491071 | shortwave=635 | expected=52.0982 | residual=-51.6072 | neighbor_delta=4.996e-16 | gmm=True | if=True | physical=False | near_gap=False | reason=GMM_IF_CONSENSUS
OUTLIER | sitekey=27 | timestamp=2020-01-15 17:30:00 | hour=17 | energy=0.392857 | raw_energy=0.392857 | shortwave=635 | expected=52.0982 | residual=-51.7054 | neighbor_delta=0 | gmm=True | if=True | physical=False | near_gap=False | reason=GMM_IF_CONSENSUS
OUTLIER | sitekey=27 | timestamp=2020-01-16 16:30:00 | hour=16 | energy=88.9062 | raw_energy=88.9062 | shortwave=467 | expected=37.8828 | residual=51.0234 | neighbor_delta=3.70312 | gmm=True | if=True | physical=False | near_gap=False | reason=GMM_IF_CONSENSUS
OUTLIER | sitekey=27 | timestamp=2020-01-16 16:45:00 | hour=16 | energy=85.9062 | raw_energy=85.9062 | shortwave=432 | expected=37.8828 | residual=48.0234 | neighbor_delta=3.29688 | gmm=True | if=True | physical=False | near_gap=False | reason=GMM_IF_CONSENSUS
OUTLIER | sitekey=27 | timestamp=2020-01-19 17:30:00 | hour=17 | energy=4.86719 | raw_energy=4.86719 | shortwave=561 | expected=52.0982 | residual=-47.231 | neighbor_delta=-2.6289 | gmm=True | if=True | physical=False | near_gap=False | reason=GMM_IF_CONSENSUS
OUTLIER | sitekey=27 | timestamp=2020-01-20 13:45:00 | hour=13 | energy=64.5234 | raw_energy=64.5234 | shortwave=240 | expected=21.9375 | residual=42.5859 | neighbor_delta=36.3945 | gmm=True | if=True | physical=False | near_gap=False | reason=GMM_IF_CONSENSUS

sitekey=28 | printed_outliers=10
OUTLIER | sitekey=28 | timestamp=2020-09-21 14:45:00 | hour=14 | energy=2.23303 | raw_energy=2.23303 | shortwave=87 | expected=0.145752 | residual=2.08728 | neighbor_delta=0.606018 | gmm=True | if=True | physical=False | near_gap=False | reason=GMM_IF_CONSENSUS
OUTLIER | sitekey=28 | timestamp=2020-09-21 15:00:00 | hour=15 | energy=1.63403 | raw_energy=1.63403 | shortwave=87 | expected=0.145752 | residual=1.48828 | neighbor_delta=0.078064 | gmm=True | if=True | physical=False | near_gap=False | reason=GMM_IF_CONSENSUS
OUTLIER | sitekey=28 | timestamp=2020-09-23 10:30:00 | hour=10 | energy=1.67135 | raw_energy=1.67135 | shortwave=134 | expected=0.358032 | residual=1.31331 | neighbor_delta=-5.10703e-15 | gmm=True | if=True | physical=False | near_gap=False | reason=GMM_IF_CONSENSUS
OUTLIER | sitekey=28 | timestamp=2020-09-23 11:45:00 | hour=11 | energy=2.54907 | raw_energy=2.54907 | shortwave=134 | expected=0.358032 | residual=2.19104 | neighbor_delta=0.46578 | gmm=True | if=True | physical=False | near_gap=False | reason=GMM_IF_CONSENSUS
OUTLIER | sitekey=28 | timestamp=2020-09-23 12:00:00 | hour=12 | energy=2.33305 | raw_energy=2.33305 | shortwave=134 | expected=0.358032 | residual=1.97502 | neighbor_delta=0.249756 | gmm=True | if=True | physical=False | near_gap=False | reason=GMM_IF_CONSENSUS
OUTLIER | sitekey=28 | timestamp=2020-09-23 12:15:00 | hour=12 | energy=2.11702 | raw_energy=2.11702 | shortwave=134 | expected=0.358032 | residual=1.75899 | neighbor_delta=0.058492 | gmm=True | if=True | physical=False | near_gap=False | reason=GMM_IF_CONSENSUS
OUTLIER | sitekey=28 | timestamp=2020-09-23 12:30:00 | hour=12 | energy=1.901 | raw_energy=1.901 | shortwave=134 | expected=0.358032 | residual=1.54297 | neighbor_delta=0.211446 | gmm=True | if=True | physical=False | near_gap=False | reason=GMM_IF_CONSENSUS
OUTLIER | sitekey=28 | timestamp=2020-09-25 07:30:00 | hour=7 | energy=0.440918 | raw_energy=0.440918 | shortwave=13 | expected=0.00326467 | residual=0.437653 | neighbor_delta=0.255737 | gmm=True | if=True | physical=False | near_gap=False | reason=GMM_IF_CONSENSUS
OUTLIER | sitekey=28 | timestamp=2020-09-30 11:30:00 | hour=11 | energy=3.13696 | raw_energy=3.13696 | shortwave=241 | expected=0.718994 | residual=2.41797 | neighbor_delta=0.712402 | gmm=True | if=True | physical=False | near_gap=False | reason=GMM_IF_CONSENSUS
OUTLIER | sitekey=28 | timestamp=2020-10-07 15:00:00 | hour=15 | energy=1.72998 | raw_energy=1.72998 | shortwave=76 | expected=0.145752 | residual=1.58423 | neighbor_delta=0.959473 | gmm=True | if=True | physical=False | near_gap=False | reason=GMM_IF_CONSENSUS

sitekey=29 | printed_outliers=10
OUTLIER | sitekey=29 | timestamp=2020-08-20 09:15:00 | hour=9 | energy=1.255 | raw_energy=1.255 | shortwave=72 | expected=0.251175 | residual=1.00383 | neighbor_delta=0.436005 | gmm=True | if=True | physical=False | near_gap=False | reason=GMM_IF_CONSENSUS
OUTLIER | sitekey=29 | timestamp=2020-09-21 14:45:00 | hour=14 | energy=1.71191 | raw_energy=1.71191 | shortwave=87 | expected=0.157104 | residual=1.55481 | neighbor_delta=0.483887 | gmm=True | if=True | physical=False | near_gap=False | reason=GMM_IF_CONSENSUS
OUTLIER | sitekey=29 | timestamp=2020-09-23 11:45:00 | hour=11 | energy=2.27307 | raw_energy=2.27307 | shortwave=134 | expected=0.412354 | residual=1.86072 | neighbor_delta=0.513269 | gmm=True | if=True | physical=False | near_gap=False | reason=GMM_IF_CONSENSUS
OUTLIER | sitekey=29 | timestamp=2020-09-23 12:00:00 | hour=12 | energy=2.62183 | raw_energy=2.62183 | shortwave=134 | expected=0.412354 | residual=2.20947 | neighbor_delta=0.862024 | gmm=True | if=True | physical=False | near_gap=False | reason=GMM_IF_CONSENSUS
OUTLIER | sitekey=29 | timestamp=2020-09-26 08:30:00 | hour=8 | energy=2.073 | raw_energy=2.073 | shortwave=56 | expected=0.157104 | residual=1.91589 | neighbor_delta=0.991577 | gmm=True | if=True | physical=False | near_gap=False | reason=GMM_IF_CONSENSUS
OUTLIER | sitekey=29 | timestamp=2020-09-30 11:15:00 | hour=11 | energy=2.49707 | raw_energy=2.49707 | shortwave=241 | expected=0.740753 | residual=1.75632 | neighbor_delta=0.371094 | gmm=True | if=True | physical=False | near_gap=False | reason=GMM_IF_CONSENSUS
OUTLIER | sitekey=29 | timestamp=2020-09-30 11:30:00 | hour=11 | energy=3.04492 | raw_energy=3.04492 | shortwave=241 | expected=0.740753 | residual=2.30417 | neighbor_delta=0.709473 | gmm=True | if=True | physical=False | near_gap=False | reason=GMM_IF_CONSENSUS
OUTLIER | sitekey=29 | timestamp=2020-10-11 13:15:00 | hour=13 | energy=3.10791 | raw_energy=3.10791 | shortwave=450 | expected=1.2793 | residual=1.82861 | neighbor_delta=1.10779 | gmm=True | if=True | physical=False | near_gap=False | reason=GMM_IF_CONSENSUS
OUTLIER | sitekey=29 | timestamp=2020-10-14 10:30:00 | hour=10 | energy=2.89014 | raw_energy=2.89014 | shortwave=275 | expected=0.740753 | residual=2.14938 | neighbor_delta=0.738647 | gmm=True | if=True | physical=False | near_gap=False | reason=GMM_IF_CONSENSUS
OUTLIER | sitekey=29 | timestamp=2020-10-16 14:15:00 | hour=14 | energy=0.991943 | raw_energy=0.991943 | shortwave=930 | expected=2.80664 | residual=-1.8147 | neighbor_delta=-0.695068 | gmm=True | if=True | physical=False | near_gap=False | reason=GMM_IF_CONSENSUS

sitekey=3 | printed_outliers=10
OUTLIER | sitekey=3 | timestamp=2020-01-04 15:15:00 | hour=15 | energy=2.867 | raw_energy=2.867 | shortwave=994 | expected=12.5 | residual=-9.633 | neighbor_delta=-4.53 | gmm=True | if=True | physical=True | near_gap=False | reason=GMM_IF_CONSENSUS+PHYSICAL_DISTRIBUTION_JUMP
CTX-2 reason_context_for=GMM_IF_CONSENSUS+PHYSICAL_DISTRIBUTION_JUMP | sitekey=3 | timestamp=2020-01-04 14:45:00 | hour=14 | energy=11.077 | raw_energy=11.077 | shortwave=994 | expected=12.5 | residual=-1.423 | neighbor_delta=3.342 | gmm=False | if=False | physical=False | near_gap=False | reason=FINAL_FLAG
CTX-1 reason_context_for=GMM_IF_CONSENSUS+PHYSICAL_DISTRIBUTION_JUMP | sitekey=3 | timestamp=2020-01-04 15:00:00 | hour=15 | energy=7.479 | raw_energy=7.479 | shortwave=994 | expected=12.5 | residual=-5.021 | neighbor_delta=-0.174 | gmm=False | if=False | physical=False | near_gap=False | reason=FINAL_FLAG
CTX+1 reason_context_for=GMM_IF_CONSENSUS+PHYSICAL_DISTRIBUTION_JUMP | sitekey=3 | timestamp=2020-01-04 15:30:00 | hour=15 | energy=0.342 | raw_energy=0.342 | shortwave=994 | expected=12.5 | residual=-12.158 | neighbor_delta=-6.8535 | gmm=True | if=True | physical=True | near_gap=False | reason=GMM_IF_CONSENSUS+PHYSICAL_LOW_ENERGY_STRONG_SUN+PHYSICAL_DISTRIBUTION_JUMP
CTX+2 reason_context_for=GMM_IF_CONSENSUS+PHYSICAL_DISTRIBUTION_JUMP | sitekey=3 | timestamp=2020-01-04 15:45:00 | hour=15 | energy=7.315 | raw_energy=7.315 | shortwave=885 | expected=10.8125 | residual=-3.4975 | neighbor_delta=2.096 | gmm=False | if=False | physical=False | near_gap=False | reason=FINAL_FLAG
OUTLIER | sitekey=3 | timestamp=2020-01-04 15:30:00 | hour=15 | energy=0.342 | raw_energy=0.342 | shortwave=994 | expected=12.5 | residual=-12.158 | neighbor_delta=-6.8535 | gmm=True | if=True | physical=True | near_gap=False | reason=GMM_IF_CONSENSUS+PHYSICAL_LOW_ENERGY_STRONG_SUN+PHYSICAL_DISTRIBUTION_JUMP
CTX-2 reason_context_for=GMM_IF_CONSENSUS+PHYSICAL_LOW_ENERGY_STRONG_SUN+PHYSICAL_DISTRIBUTION_JUMP | sitekey=3 | timestamp=2020-01-04 15:00:00 | hour=15 | energy=7.479 | raw_energy=7.479 | shortwave=994 | expected=12.5 | residual=-5.021 | neighbor_delta=-0.174 | gmm=False | if=False | physical=False | near_gap=False | reason=FINAL_FLAG
CTX-1 reason_context_for=GMM_IF_CONSENSUS+PHYSICAL_LOW_ENERGY_STRONG_SUN+PHYSICAL_DISTRIBUTION_JUMP | sitekey=3 | timestamp=2020-01-04 15:15:00 | hour=15 | energy=2.867 | raw_energy=2.867 | shortwave=994 | expected=12.5 | residual=-9.633 | neighbor_delta=-4.53 | gmm=True | if=True | physical=True | near_gap=False | reason=GMM_IF_CONSENSUS+PHYSICAL_DISTRIBUTION_JUMP
CTX+1 reason_context_for=GMM_IF_CONSENSUS+PHYSICAL_LOW_ENERGY_STRONG_SUN+PHYSICAL_DISTRIBUTION_JUMP | sitekey=3 | timestamp=2020-01-04 15:45:00 | hour=15 | energy=7.315 | raw_energy=7.315 | shortwave=885 | expected=10.8125 | residual=-3.4975 | neighbor_delta=2.096 | gmm=False | if=False | physical=False | near_gap=False | reason=FINAL_FLAG
CTX+2 reason_context_for=GMM_IF_CONSENSUS+PHYSICAL_LOW_ENERGY_STRONG_SUN+PHYSICAL_DISTRIBUTION_JUMP | sitekey=3 | timestamp=2020-01-04 16:00:00 | hour=16 | energy=1.835 | raw_energy=1.835 | shortwave=885 | expected=10.8125 | residual=-8.9775 | neighbor_delta=-5.3605 | gmm=True | if=True | physical=False | near_gap=False | reason=GMM_IF_CONSENSUS
OUTLIER | sitekey=3 | timestamp=2020-01-04 16:00:00 | hour=16 | energy=1.835 | raw_energy=1.835 | shortwave=885 | expected=10.8125 | residual=-8.9775 | neighbor_delta=-5.3605 | gmm=True | if=True | physical=False | near_gap=False | reason=GMM_IF_CONSENSUS
OUTLIER | sitekey=3 | timestamp=2020-01-05 12:45:00 | hour=12 | energy=0.619 | raw_energy=0.619 | shortwave=711 | expected=10.8125 | residual=-10.1935 | neighbor_delta=-0.316 | gmm=True | if=True | physical=False | near_gap=False | reason=GMM_IF_CONSENSUS
OUTLIER | sitekey=3 | timestamp=2020-01-05 13:00:00 | hour=13 | energy=0.991 | raw_energy=0.991 | shortwave=711 | expected=10.8125 | residual=-9.8215 | neighbor_delta=0.259 | gmm=True | if=True | physical=False | near_gap=False | reason=GMM_IF_CONSENSUS
OUTLIER | sitekey=3 | timestamp=2020-01-05 13:15:00 | hour=13 | energy=1.083 | raw_energy=1.083 | shortwave=711 | expected=10.8125 | residual=-9.7295 | neighbor_delta=0.4825 | gmm=True | if=True | physical=False | near_gap=False | reason=GMM_IF_CONSENSUS
OUTLIER | sitekey=3 | timestamp=2020-01-05 13:30:00 | hour=13 | energy=0.968 | raw_energy=0.968 | shortwave=711 | expected=10.8125 | residual=-9.8445 | neighbor_delta=0.3675 | gmm=True | if=True | physical=False | near_gap=False | reason=GMM_IF_CONSENSUS
OUTLIER | sitekey=3 | timestamp=2020-01-05 13:45:00 | hour=13 | energy=0.439 | raw_energy=0.439 | shortwave=701 | expected=10.8125 | residual=-10.3735 | neighbor_delta=-0.213 | gmm=True | if=True | physical=True | near_gap=False | reason=GMM_IF_CONSENSUS+PHYSICAL_LOW_ENERGY_STRONG_SUN
OUTLIER | sitekey=3 | timestamp=2020-01-05 14:00:00 | hour=14 | energy=0.55 | raw_energy=0.55 | shortwave=701 | expected=10.8125 | residual=-10.2625 | neighbor_delta=-0.0835 | gmm=True | if=True | physical=True | near_gap=False | reason=GMM_IF_CONSENSUS+PHYSICAL_LOW_ENERGY_STRONG_SUN
OUTLIER | sitekey=3 | timestamp=2020-01-05 14:15:00 | hour=14 | energy=0.582 | raw_energy=0.582 | shortwave=701 | expected=10.8125 | residual=-10.2305 | neighbor_delta=0.035 | gmm=True | if=True | physical=True | near_gap=False | reason=GMM_IF_CONSENSUS+PHYSICAL_LOW_ENERGY_STRONG_SUN

sitekey=30 | printed_outliers=10
OUTLIER | sitekey=30 | timestamp=2020-09-09 08:30:00 | hour=8 | energy=2.83081 | raw_energy=2.83081 | shortwave=92 | expected=0.304443 | residual=2.52637 | neighbor_delta=0.803223 | gmm=True | if=True | physical=False | near_gap=False | reason=GMM_IF_CONSENSUS
OUTLIER | sitekey=30 | timestamp=2020-09-13 10:45:00 | hour=10 | energy=7.89478 | raw_energy=7.89478 | shortwave=236 | expected=1.90112 | residual=5.99365 | neighbor_delta=2.2583 | gmm=True | if=True | physical=False | near_gap=False | reason=GMM_IF_CONSENSUS
OUTLIER | sitekey=30 | timestamp=2020-09-13 11:00:00 | hour=11 | energy=7.69946 | raw_energy=7.69946 | shortwave=236 | expected=1.90112 | residual=5.79834 | neighbor_delta=0.841431 | gmm=True | if=True | physical=False | near_gap=False | reason=GMM_IF_CONSENSUS
OUTLIER | sitekey=30 | timestamp=2020-09-13 11:30:00 | hour=11 | energy=7.94336 | raw_energy=7.94336 | shortwave=236 | expected=1.90112 | residual=6.04224 | neighbor_delta=0.190552 | gmm=True | if=True | physical=False | near_gap=False | reason=GMM_IF_CONSENSUS
OUTLIER | sitekey=30 | timestamp=2020-09-13 11:45:00 | hour=11 | energy=7.83325 | raw_energy=7.83325 | shortwave=269 | expected=1.90112 | residual=5.93213 | neighbor_delta=-0.0172119 | gmm=True | if=True | physical=False | near_gap=False | reason=GMM_IF_CONSENSUS
OUTLIER | sitekey=30 | timestamp=2020-09-13 12:00:00 | hour=12 | energy=7.80615 | raw_energy=7.80615 | shortwave=269 | expected=1.90112 | residual=5.90503 | neighbor_delta=0.0107422 | gmm=True | if=True | physical=False | near_gap=False | reason=GMM_IF_CONSENSUS
OUTLIER | sitekey=30 | timestamp=2020-09-13 12:30:00 | hour=12 | energy=8.38892 | raw_energy=8.38892 | shortwave=269 | expected=1.90112 | residual=6.48779 | neighbor_delta=0.562012 | gmm=True | if=True | physical=False | near_gap=False | reason=GMM_IF_CONSENSUS
OUTLIER | sitekey=30 | timestamp=2020-09-21 13:30:00 | hour=13 | energy=6.23926 | raw_energy=6.23926 | shortwave=197 | expected=1.0223 | residual=5.21696 | neighbor_delta=1.84106 | gmm=True | if=True | physical=False | near_gap=False | reason=GMM_IF_CONSENSUS
OUTLIER | sitekey=30 | timestamp=2020-09-21 14:00:00 | hour=14 | energy=7.76953 | raw_energy=7.76953 | shortwave=262 | expected=1.90112 | residual=5.86841 | neighbor_delta=1.47925 | gmm=True | if=True | physical=False | near_gap=False | reason=GMM_IF_CONSENSUS
OUTLIER | sitekey=30 | timestamp=2020-09-21 14:15:00 | hour=14 | energy=7.33643 | raw_energy=7.33643 | shortwave=262 | expected=1.90112 | residual=5.4353 | neighbor_delta=1.04614 | gmm=True | if=True | physical=False | near_gap=False | reason=GMM_IF_CONSENSUS

sitekey=31 | printed_outliers=10
OUTLIER | sitekey=31 | timestamp=2020-06-15 11:30:00 | hour=11 | energy=12.0745 | raw_energy=12.0745 | shortwave=173 | expected=2.16553 | residual=9.90894 | neighbor_delta=6.39789 | gmm=True | if=True | physical=False | near_gap=False | reason=GMM_IF_CONSENSUS
OUTLIER | sitekey=31 | timestamp=2020-07-27 11:15:00 | hour=11 | energy=9.46289 | raw_energy=9.46289 | shortwave=70 | expected=1.11963 | residual=8.34326 | neighbor_delta=7.91895 | gmm=True | if=True | physical=False | near_gap=False | reason=GMM_IF_CONSENSUS
OUTLIER | sitekey=31 | timestamp=2020-08-20 09:15:00 | hour=9 | energy=7.54199 | raw_energy=7.54199 | shortwave=72 | expected=1.11963 | residual=6.42236 | neighbor_delta=2.9292 | gmm=True | if=True | physical=False | near_gap=False | reason=GMM_IF_CONSENSUS
OUTLIER | sitekey=31 | timestamp=2020-09-03 07:30:00 | hour=7 | energy=1.03906 | raw_energy=1.03906 | shortwave=3 | expected=0.0398437 | residual=0.999219 | neighbor_delta=0.370605 | gmm=True | if=True | physical=False | near_gap=False | reason=GMM_IF_CONSENSUS
OUTLIER | sitekey=31 | timestamp=2020-09-13 10:45:00 | hour=10 | energy=13.7871 | raw_energy=13.7871 | shortwave=236 | expected=3.86133 | residual=9.92578 | neighbor_delta=3.45508 | gmm=True | if=True | physical=False | near_gap=False | reason=GMM_IF_CONSENSUS
OUTLIER | sitekey=31 | timestamp=2020-09-13 11:00:00 | hour=11 | energy=14.5781 | raw_energy=14.5781 | shortwave=236 | expected=3.86133 | residual=10.7168 | neighbor_delta=2.35547 | gmm=True | if=True | physical=False | near_gap=False | reason=GMM_IF_CONSENSUS
OUTLIER | sitekey=31 | timestamp=2020-09-13 11:30:00 | hour=11 | energy=15.0566 | raw_energy=15.0566 | shortwave=236 | expected=3.86133 | residual=11.1953 | neighbor_delta=1.2666 | gmm=True | if=True | physical=False | near_gap=False | reason=GMM_IF_CONSENSUS
OUTLIER | sitekey=31 | timestamp=2020-09-13 11:45:00 | hour=11 | energy=14.4922 | raw_energy=14.4922 | shortwave=269 | expected=3.86133 | residual=10.6309 | neighbor_delta=0.306641 | gmm=True | if=True | physical=False | near_gap=False | reason=GMM_IF_CONSENSUS
OUTLIER | sitekey=31 | timestamp=2020-09-13 12:00:00 | hour=12 | energy=13.793 | raw_energy=13.793 | shortwave=269 | expected=3.86133 | residual=9.93164 | neighbor_delta=-0.742188 | gmm=True | if=True | physical=False | near_gap=False | reason=GMM_IF_CONSENSUS
OUTLIER | sitekey=31 | timestamp=2020-09-13 12:30:00 | hour=12 | energy=15.3301 | raw_energy=15.3301 | shortwave=269 | expected=3.86133 | residual=11.4688 | neighbor_delta=0.8125 | gmm=True | if=True | physical=False | near_gap=False | reason=GMM_IF_CONSENSUS

sitekey=32 | printed_outliers=10
OUTLIER | sitekey=32 | timestamp=2020-07-27 11:15:00 | hour=11 | energy=3.71216 | raw_energy=3.71216 | shortwave=70 | expected=0.498576 | residual=3.21358 | neighbor_delta=3.02576 | gmm=False | if=True | physical=True | near_gap=False | reason=PHYSICAL_DISTRIBUTION_JUMP
CTX-2 reason_context_for=PHYSICAL_DISTRIBUTION_JUMP | sitekey=32 | timestamp=2020-07-27 10:45:00 | hour=10 | energy=0.758789 | raw_energy=0.758789 | shortwave=70 | expected=0.498576 | residual=0.260213 | neighbor_delta=0.0723877 | gmm=False | if=False | physical=False | near_gap=False | reason=FINAL_FLAG
CTX-1 reason_context_for=PHYSICAL_DISTRIBUTION_JUMP | sitekey=32 | timestamp=2020-07-27 11:00:00 | hour=11 | energy=1.60791 | raw_energy=1.60791 | shortwave=70 | expected=0.498576 | residual=1.10933 | neighbor_delta=0.921509 | gmm=False | if=False | physical=False | near_gap=False | reason=FINAL_FLAG
CTX+1 reason_context_for=PHYSICAL_DISTRIBUTION_JUMP | sitekey=32 | timestamp=2020-07-27 11:30:00 | hour=11 | energy=2.0061 | raw_energy=2.0061 | shortwave=70 | expected=0.498576 | residual=1.50753 | neighbor_delta=1.37642 | gmm=False | if=False | physical=False | near_gap=False | reason=FINAL_FLAG
CTX+2 reason_context_for=PHYSICAL_DISTRIBUTION_JUMP | sitekey=32 | timestamp=2020-07-27 11:45:00 | hour=11 | energy=0.548828 | raw_energy=0.548828 | shortwave=122 | expected=0.921936 | residual=-0.373108 | neighbor_delta=-0.634521 | gmm=False | if=False | physical=False | near_gap=False | reason=FINAL_FLAG
OUTLIER | sitekey=32 | timestamp=2020-09-16 13:30:00 | hour=13 | energy=0.105469 | raw_energy=0.105469 | shortwave=766 | expected=5.6582 | residual=-5.55273 | neighbor_delta=-3.56787 | gmm=True | if=True | physical=True | near_gap=False | reason=GMM_IF_CONSENSUS+PHYSICAL_LOW_ENERGY_STRONG_SUN
OUTLIER | sitekey=32 | timestamp=2020-09-21 15:15:00 | hour=15 | energy=3.77881 | raw_energy=3.77881 | shortwave=87 | expected=0.307129 | residual=3.47168 | neighbor_delta=-0.0151367 | gmm=True | if=True | physical=False | near_gap=False | reason=GMM_IF_CONSENSUS
OUTLIER | sitekey=32 | timestamp=2020-09-21 15:30:00 | hour=15 | energy=3.51025 | raw_energy=3.51025 | shortwave=87 | expected=0.307129 | residual=3.20312 | neighbor_delta=0.0214844 | gmm=True | if=True | physical=False | near_gap=False | reason=GMM_IF_CONSENSUS
OUTLIER | sitekey=32 | timestamp=2020-09-22 07:30:00 | hour=7 | energy=1.05908 | raw_energy=1.05908 | shortwave=34 | expected=0.164551 | residual=0.894531 | neighbor_delta=0 | gmm=True | if=True | physical=False | near_gap=False | reason=GMM_IF_CONSENSUS
OUTLIER | sitekey=32 | timestamp=2020-09-23 11:45:00 | hour=11 | energy=6.23828 | raw_energy=6.23828 | shortwave=134 | expected=0.823242 | residual=5.41504 | neighbor_delta=1.22689 | gmm=True | if=True | physical=True | near_gap=False | reason=GMM_IF_CONSENSUS+PHYSICAL_DISTRIBUTION_JUMP
CTX-2 reason_context_for=GMM_IF_CONSENSUS+PHYSICAL_DISTRIBUTION_JUMP | sitekey=32 | timestamp=2020-09-23 11:15:00 | hour=11 | energy=4.42448 | raw_energy=4.42448 | shortwave=339 | expected=1.53906 | residual=2.88542 | neighbor_delta=-0.61792 | gmm=False | if=False | physical=False | near_gap=False | reason=FINAL_FLAG
CTX-1 reason_context_for=GMM_IF_CONSENSUS+PHYSICAL_DISTRIBUTION_JUMP | sitekey=32 | timestamp=2020-09-23 11:30:00 | hour=11 | energy=5.33138 | raw_energy=5.33138 | shortwave=339 | expected=1.53906 | residual=3.79232 | neighbor_delta=0.319987 | gmm=False | if=False | physical=False | near_gap=False | reason=FINAL_FLAG
CTX+1 reason_context_for=GMM_IF_CONSENSUS+PHYSICAL_DISTRIBUTION_JUMP | sitekey=32 | timestamp=2020-09-23 12:00:00 | hour=12 | energy=6.76514 | raw_energy=6.76514 | shortwave=134 | expected=0.823242 | residual=5.94189 | neighbor_delta=1.86971 | gmm=True | if=True | physical=True | near_gap=False | reason=GMM_IF_CONSENSUS+PHYSICAL_DISTRIBUTION_JUMP
CTX+2 reason_context_for=GMM_IF_CONSENSUS+PHYSICAL_DISTRIBUTION_JUMP | sitekey=32 | timestamp=2020-09-23 12:15:00 | hour=12 | energy=6.01725 | raw_energy=6.01725 | shortwave=134 | expected=0.823242 | residual=5.19401 | neighbor_delta=1.12183 | gmm=False | if=True | physical=True | near_gap=False | reason=PHYSICAL_DISTRIBUTION_JUMP
OUTLIER | sitekey=32 | timestamp=2020-09-23 12:00:00 | hour=12 | energy=6.76514 | raw_energy=6.76514 | shortwave=134 | expected=0.823242 | residual=5.94189 | neighbor_delta=1.86971 | gmm=True | if=True | physical=True | near_gap=False | reason=GMM_IF_CONSENSUS+PHYSICAL_DISTRIBUTION_JUMP
CTX-2 reason_context_for=GMM_IF_CONSENSUS+PHYSICAL_DISTRIBUTION_JUMP | sitekey=32 | timestamp=2020-09-23 11:30:00 | hour=11 | energy=5.33138 | raw_energy=5.33138 | shortwave=339 | expected=1.53906 | residual=3.79232 | neighbor_delta=0.319987 | gmm=False | if=False | physical=False | near_gap=False | reason=FINAL_FLAG
CTX-1 reason_context_for=GMM_IF_CONSENSUS+PHYSICAL_DISTRIBUTION_JUMP | sitekey=32 | timestamp=2020-09-23 11:45:00 | hour=11 | energy=6.23828 | raw_energy=6.23828 | shortwave=134 | expected=0.823242 | residual=5.41504 | neighbor_delta=1.22689 | gmm=True | if=True | physical=True | near_gap=False | reason=GMM_IF_CONSENSUS+PHYSICAL_DISTRIBUTION_JUMP
CTX+1 reason_context_for=GMM_IF_CONSENSUS+PHYSICAL_DISTRIBUTION_JUMP | sitekey=32 | timestamp=2020-09-23 12:15:00 | hour=12 | energy=6.01725 | raw_energy=6.01725 | shortwave=134 | expected=0.823242 | residual=5.19401 | neighbor_delta=1.12183 | gmm=False | if=True | physical=True | near_gap=False | reason=PHYSICAL_DISTRIBUTION_JUMP
CTX+2 reason_context_for=GMM_IF_CONSENSUS+PHYSICAL_DISTRIBUTION_JUMP | sitekey=32 | timestamp=2020-09-23 12:30:00 | hour=12 | energy=5.26937 | raw_energy=5.26937 | shortwave=134 | expected=0.823242 | residual=4.44613 | neighbor_delta=0.342936 | gmm=False | if=True | physical=False | near_gap=False | reason=FINAL_FLAG
OUTLIER | sitekey=32 | timestamp=2020-09-23 12:15:00 | hour=12 | energy=6.01725 | raw_energy=6.01725 | shortwave=134 | expected=0.823242 | residual=5.19401 | neighbor_delta=1.12183 | gmm=False | if=True | physical=True | near_gap=False | reason=PHYSICAL_DISTRIBUTION_JUMP
CTX-2 reason_context_for=PHYSICAL_DISTRIBUTION_JUMP | sitekey=32 | timestamp=2020-09-23 11:45:00 | hour=11 | energy=6.23828 | raw_energy=6.23828 | shortwave=134 | expected=0.823242 | residual=5.41504 | neighbor_delta=1.22689 | gmm=True | if=True | physical=True | near_gap=False | reason=GMM_IF_CONSENSUS+PHYSICAL_DISTRIBUTION_JUMP
CTX-1 reason_context_for=PHYSICAL_DISTRIBUTION_JUMP | sitekey=32 | timestamp=2020-09-23 12:00:00 | hour=12 | energy=6.76514 | raw_energy=6.76514 | shortwave=134 | expected=0.823242 | residual=5.94189 | neighbor_delta=1.86971 | gmm=True | if=True | physical=True | near_gap=False | reason=GMM_IF_CONSENSUS+PHYSICAL_DISTRIBUTION_JUMP
CTX+1 reason_context_for=PHYSICAL_DISTRIBUTION_JUMP | sitekey=32 | timestamp=2020-09-23 12:30:00 | hour=12 | energy=5.26937 | raw_energy=5.26937 | shortwave=134 | expected=0.823242 | residual=4.44613 | neighbor_delta=0.342936 | gmm=False | if=True | physical=False | near_gap=False | reason=FINAL_FLAG
CTX+2 reason_context_for=PHYSICAL_DISTRIBUTION_JUMP | sitekey=32 | timestamp=2020-09-23 12:45:00 | hour=12 | energy=4.52148 | raw_energy=4.52148 | shortwave=231 | expected=1.53906 | residual=2.98242 | neighbor_delta=0 | gmm=False | if=True | physical=False | near_gap=False | reason=FINAL_FLAG
OUTLIER | sitekey=32 | timestamp=2020-09-27 07:30:00 | hour=7 | energy=1.46582 | raw_energy=1.46582 | shortwave=39 | expected=0.164551 | residual=1.30127 | neighbor_delta=0.553955 | gmm=True | if=True | physical=False | near_gap=False | reason=GMM_IF_CONSENSUS
OUTLIER | sitekey=32 | timestamp=2020-10-16 14:15:00 | hour=14 | energy=2.12305 | raw_energy=2.12305 | shortwave=930 | expected=6.79704 | residual=-4.674 | neighbor_delta=-1.99072 | gmm=True | if=True | physical=True | near_gap=False | reason=GMM_IF_CONSENSUS+PHYSICAL_DISTRIBUTION_JUMP
CTX-2 reason_context_for=GMM_IF_CONSENSUS+PHYSICAL_DISTRIBUTION_JUMP | sitekey=32 | timestamp=2020-10-16 13:45:00 | hour=13 | energy=4.41602 | raw_energy=4.41602 | shortwave=930 | expected=6.79704 | residual=-2.38103 | neighbor_delta=-0.445312 | gmm=False | if=False | physical=False | near_gap=False | reason=FINAL_FLAG
CTX-1 reason_context_for=GMM_IF_CONSENSUS+PHYSICAL_DISTRIBUTION_JUMP | sitekey=32 | timestamp=2020-10-16 14:00:00 | hour=14 | energy=3.31055 | raw_energy=3.31055 | shortwave=930 | expected=6.79704 | residual=-3.4865 | neighbor_delta=-1.85303 | gmm=False | if=True | physical=False | near_gap=False | reason=FINAL_FLAG
CTX+1 reason_context_for=GMM_IF_CONSENSUS+PHYSICAL_DISTRIBUTION_JUMP | sitekey=32 | timestamp=2020-10-16 14:30:00 | hour=14 | energy=3.57812 | raw_energy=3.57812 | shortwave=930 | expected=6.79704 | residual=-3.21892 | neighbor_delta=0.0170898 | gmm=False | if=True | physical=False | near_gap=False | reason=FINAL_FLAG
CTX+2 reason_context_for=GMM_IF_CONSENSUS+PHYSICAL_DISTRIBUTION_JUMP | sitekey=32 | timestamp=2020-10-16 14:45:00 | hour=14 | energy=3.81152 | raw_energy=3.81152 | shortwave=803 | expected=5.6582 | residual=-1.84668 | neighbor_delta=0.66748 | gmm=False | if=False | physical=False | near_gap=False | reason=FINAL_FLAG

sitekey=33 | printed_outliers=10
OUTLIER | sitekey=33 | timestamp=2020-09-09 08:30:00 | hour=8 | energy=5.54297 | raw_energy=5.54297 | shortwave=92 | expected=0.671875 | residual=4.87109 | neighbor_delta=1.38867 | gmm=True | if=True | physical=False | near_gap=False | reason=GMM_IF_CONSENSUS
OUTLIER | sitekey=33 | timestamp=2020-09-13 11:00:00 | hour=11 | energy=16.8828 | raw_energy=16.8828 | shortwave=236 | expected=4.17969 | residual=12.7031 | neighbor_delta=3.27246 | gmm=True | if=True | physical=False | near_gap=False | reason=GMM_IF_CONSENSUS
OUTLIER | sitekey=33 | timestamp=2020-09-13 11:30:00 | hour=11 | energy=17.6406 | raw_energy=17.6406 | shortwave=236 | expected=4.17969 | residual=13.4609 | neighbor_delta=2.14258 | gmm=True | if=True | physical=False | near_gap=False | reason=GMM_IF_CONSENSUS
OUTLIER | sitekey=33 | timestamp=2020-09-13 11:45:00 | hour=11 | energy=16.9062 | raw_energy=16.9062 | shortwave=269 | expected=4.17969 | residual=12.7266 | neighbor_delta=0.691406 | gmm=True | if=True | physical=False | near_gap=False | reason=GMM_IF_CONSENSUS
OUTLIER | sitekey=33 | timestamp=2020-09-13 12:30:00 | hour=12 | energy=17.5586 | raw_energy=17.5586 | shortwave=269 | expected=4.17969 | residual=13.3789 | neighbor_delta=0.630859 | gmm=True | if=True | physical=False | near_gap=False | reason=GMM_IF_CONSENSUS
OUTLIER | sitekey=33 | timestamp=2020-09-16 13:30:00 | hour=13 | energy=0.818359 | raw_energy=0.818359 | shortwave=766 | expected=15.6895 | residual=-14.8711 | neighbor_delta=-10.4482 | gmm=True | if=True | physical=False | near_gap=False | reason=GMM_IF_CONSENSUS
OUTLIER | sitekey=33 | timestamp=2020-09-21 13:30:00 | hour=13 | energy=14.5449 | raw_energy=14.5449 | shortwave=197 | expected=2.125 | residual=12.4199 | neighbor_delta=4.94238 | gmm=True | if=True | physical=False | near_gap=False | reason=GMM_IF_CONSENSUS
OUTLIER | sitekey=33 | timestamp=2020-09-21 14:00:00 | hour=14 | energy=16.6934 | raw_energy=16.6934 | shortwave=262 | expected=4.17969 | residual=12.5137 | neighbor_delta=2.77734 | gmm=True | if=True | physical=False | near_gap=False | reason=GMM_IF_CONSENSUS
OUTLIER | sitekey=33 | timestamp=2020-09-21 14:45:00 | hour=14 | energy=14.1035 | raw_energy=14.1035 | shortwave=87 | expected=0.671875 | residual=13.4316 | neighbor_delta=0.701172 | gmm=True | if=True | physical=False | near_gap=False | reason=GMM_IF_CONSENSUS
OUTLIER | sitekey=33 | timestamp=2020-09-21 15:00:00 | hour=15 | energy=13.0762 | raw_energy=13.0762 | shortwave=87 | expected=0.671875 | residual=12.4043 | neighbor_delta=0.157227 | gmm=True | if=True | physical=False | near_gap=False | reason=GMM_IF_CONSENSUS

sitekey=34 | printed_outliers=10
OUTLIER | sitekey=34 | timestamp=2020-03-19 14:30:00 | hour=14 | energy=0.735513 | raw_energy=0.735513 | shortwave=771 | expected=3.48047 | residual=-2.74496 | neighbor_delta=-0.30215 | gmm=True | if=True | physical=False | near_gap=False | reason=GMM_IF_CONSENSUS
OUTLIER | sitekey=34 | timestamp=2020-03-19 14:45:00 | hour=14 | energy=0.521931 | raw_energy=0.521931 | shortwave=736 | expected=3.48047 | residual=-2.95854 | neighbor_delta=-0.248356 | gmm=True | if=True | physical=False | near_gap=False | reason=GMM_IF_CONSENSUS
OUTLIER | sitekey=34 | timestamp=2020-03-19 15:00:00 | hour=15 | energy=0.464668 | raw_energy=0.464668 | shortwave=736 | expected=3.48047 | residual=-3.0158 | neighbor_delta=-0.270172 | gmm=True | if=True | physical=False | near_gap=False | reason=GMM_IF_CONSENSUS
OUTLIER | sitekey=34 | timestamp=2020-03-19 15:15:00 | hour=15 | energy=0.439798 | raw_energy=0.439798 | shortwave=736 | expected=3.48047 | residual=-3.04067 | neighbor_delta=-0.199703 | gmm=True | if=True | physical=False | near_gap=False | reason=GMM_IF_CONSENSUS
OUTLIER | sitekey=34 | timestamp=2020-03-19 15:30:00 | hour=15 | energy=0.805061 | raw_energy=0.805061 | shortwave=736 | expected=3.48047 | residual=-2.67541 | neighbor_delta=0.271678 | gmm=True | if=True | physical=False | near_gap=False | reason=GMM_IF_CONSENSUS
OUTLIER | sitekey=34 | timestamp=2020-03-20 12:00:00 | hour=12 | energy=3.49664 | raw_energy=3.49664 | shortwave=250 | expected=1.17266 | residual=2.32398 | neighbor_delta=2.27838 | gmm=True | if=True | physical=False | near_gap=False | reason=GMM_IF_CONSENSUS
OUTLIER | sitekey=34 | timestamp=2020-03-20 12:15:00 | hour=12 | energy=4.03584 | raw_energy=4.03584 | shortwave=250 | expected=1.17266 | residual=2.86319 | neighbor_delta=2.69976 | gmm=True | if=True | physical=False | near_gap=False | reason=GMM_IF_CONSENSUS
OUTLIER | sitekey=34 | timestamp=2020-03-29 17:30:00 | hour=17 | energy=1.68225 | raw_energy=1.68225 | shortwave=25 | expected=0.0321289 | residual=1.65012 | neighbor_delta=1.37988 | gmm=True | if=True | physical=True | near_gap=False | reason=GMM_IF_CONSENSUS+PHYSICAL_DISTRIBUTION_JUMP
CTX-2 reason_context_for=GMM_IF_CONSENSUS+PHYSICAL_DISTRIBUTION_JUMP | sitekey=34 | timestamp=2020-03-29 17:00:00 | hour=17 | energy=0.274292 | raw_energy=0.274292 | shortwave=25 | expected=0.0321289 | residual=0.242163 | neighbor_delta=-0.21225 | gmm=False | if=False | physical=False | near_gap=False | reason=FINAL_FLAG
CTX-1 reason_context_for=GMM_IF_CONSENSUS+PHYSICAL_DISTRIBUTION_JUMP | sitekey=34 | timestamp=2020-03-29 17:15:00 | hour=17 | energy=0.787415 | raw_energy=0.787415 | shortwave=25 | expected=0.0321289 | residual=0.755286 | neighbor_delta=0.485046 | gmm=False | if=True | physical=False | near_gap=False | reason=FINAL_FLAG
CTX+1 reason_context_for=GMM_IF_CONSENSUS+PHYSICAL_DISTRIBUTION_JUMP | sitekey=34 | timestamp=2020-03-29 17:45:00 | hour=17 | energy=0.878052 | raw_energy=0.878052 | shortwave=115 | expected=0.558594 | residual=0.319458 | neighbor_delta=0.575684 | gmm=False | if=False | physical=False | near_gap=False | reason=FINAL_FLAG
CTX+2 reason_context_for=GMM_IF_CONSENSUS+PHYSICAL_DISTRIBUTION_JUMP | sitekey=34 | timestamp=2020-03-29 18:00:00 | hour=18 | energy=0.738098 | raw_energy=0.738098 | shortwave=115 | expected=0.558594 | residual=0.179504 | neighbor_delta=0.43573 | gmm=False | if=False | physical=False | near_gap=False | reason=FINAL_FLAG
OUTLIER | sitekey=34 | timestamp=2020-04-04 12:00:00 | hour=12 | energy=2.80969 | raw_energy=2.80969 | shortwave=112 | expected=0.558594 | residual=2.2511 | neighbor_delta=0.820495 | gmm=True | if=True | physical=False | near_gap=False | reason=GMM_IF_CONSENSUS
OUTLIER | sitekey=34 | timestamp=2020-04-07 10:15:00 | hour=10 | energy=3.73144 | raw_energy=3.73144 | shortwave=264 | expected=1.17266 | residual=2.55879 | neighbor_delta=1.66907 | gmm=True | if=True | physical=False | near_gap=False | reason=GMM_IF_CONSENSUS

sitekey=35 | printed_outliers=10
OUTLIER | sitekey=35 | timestamp=2020-03-19 15:15:00 | hour=15 | energy=0.601501 | raw_energy=0.601501 | shortwave=736 | expected=4.64062 | residual=-4.03912 | neighbor_delta=-0.275696 | gmm=True | if=True | physical=False | near_gap=False | reason=GMM_IF_CONSENSUS
OUTLIER | sitekey=35 | timestamp=2020-03-20 12:15:00 | hour=12 | energy=5.74405 | raw_energy=5.74405 | shortwave=250 | expected=1.64209 | residual=4.10196 | neighbor_delta=3.90237 | gmm=True | if=True | physical=False | near_gap=False | reason=GMM_IF_CONSENSUS
OUTLIER | sitekey=35 | timestamp=2020-03-21 14:45:00 | hour=14 | energy=5.15234 | raw_energy=5.15234 | shortwave=368 | expected=2.65683 | residual=2.49552 | neighbor_delta=1.54517 | gmm=True | if=True | physical=False | near_gap=False | reason=GMM_IF_CONSENSUS
OUTLIER | sitekey=35 | timestamp=2020-03-29 17:30:00 | hour=17 | energy=2.23352 | raw_energy=2.23352 | shortwave=25 | expected=0 | residual=2.23352 | neighbor_delta=1.82129 | gmm=True | if=False | physical=True | near_gap=False | reason=PHYSICAL_DISTRIBUTION_JUMP
CTX-2 reason_context_for=PHYSICAL_DISTRIBUTION_JUMP | sitekey=35 | timestamp=2020-03-29 17:00:00 | hour=17 | energy=0.375733 | raw_energy=0.375733 | shortwave=25 | expected=0 | residual=0.375733 | neighbor_delta=-0.19995 | gmm=False | if=False | physical=False | near_gap=False | reason=FINAL_FLAG
CTX-1 reason_context_for=PHYSICAL_DISTRIBUTION_JUMP | sitekey=35 | timestamp=2020-03-29 17:15:00 | hour=17 | energy=1.08594 | raw_energy=1.08594 | shortwave=25 | expected=0 | residual=1.08594 | neighbor_delta=0.673705 | gmm=False | if=False | physical=False | near_gap=False | reason=FINAL_FLAG
CTX+1 reason_context_for=PHYSICAL_DISTRIBUTION_JUMP | sitekey=35 | timestamp=2020-03-29 17:45:00 | hour=17 | energy=1.1311 | raw_energy=1.1311 | shortwave=115 | expected=0.765625 | residual=0.365478 | neighbor_delta=0.718871 | gmm=False | if=False | physical=False | near_gap=False | reason=FINAL_FLAG
CTX+2 reason_context_for=PHYSICAL_DISTRIBUTION_JUMP | sitekey=35 | timestamp=2020-03-29 18:00:00 | hour=18 | energy=0.994629 | raw_energy=0.994629 | shortwave=115 | expected=0.765625 | residual=0.229004 | neighbor_delta=0.582397 | gmm=False | if=False | physical=False | near_gap=False | reason=FINAL_FLAG
OUTLIER | sitekey=35 | timestamp=2020-04-12 10:00:00 | hour=10 | energy=4.22412 | raw_energy=4.22412 | shortwave=183 | expected=0.765625 | residual=3.4585 | neighbor_delta=2.41101 | gmm=True | if=True | physical=True | near_gap=False | reason=GMM_IF_CONSENSUS+PHYSICAL_DISTRIBUTION_JUMP
CTX-2 reason_context_for=GMM_IF_CONSENSUS+PHYSICAL_DISTRIBUTION_JUMP | sitekey=35 | timestamp=2020-04-12 09:30:00 | hour=9 | energy=2.08032 | raw_energy=2.08032 | shortwave=114 | expected=0.765625 | residual=1.3147 | neighbor_delta=0.100708 | gmm=False | if=False | physical=False | near_gap=False | reason=FINAL_FLAG
CTX-1 reason_context_for=GMM_IF_CONSENSUS+PHYSICAL_DISTRIBUTION_JUMP | sitekey=35 | timestamp=2020-04-12 09:45:00 | hour=9 | energy=3.64551 | raw_energy=3.64551 | shortwave=183 | expected=0.765625 | residual=2.87988 | neighbor_delta=1.8324 | gmm=False | if=True | physical=False | near_gap=False | reason=FINAL_FLAG
CTX+1 reason_context_for=GMM_IF_CONSENSUS+PHYSICAL_DISTRIBUTION_JUMP | sitekey=35 | timestamp=2020-04-12 10:15:00 | hour=10 | energy=2.65503 | raw_energy=2.65503 | shortwave=183 | expected=0.765625 | residual=1.8894 | neighbor_delta=0.823609 | gmm=False | if=False | physical=False | near_gap=False | reason=FINAL_FLAG
CTX+2 reason_context_for=GMM_IF_CONSENSUS+PHYSICAL_DISTRIBUTION_JUMP | sitekey=35 | timestamp=2020-04-12 10:30:00 | hour=10 | energy=2.50342 | raw_energy=2.50342 | shortwave=183 | expected=0.765625 | residual=1.73779 | neighbor_delta=0.479126 | gmm=False | if=False | physical=False | near_gap=False | reason=FINAL_FLAG
OUTLIER | sitekey=35 | timestamp=2020-04-17 09:30:00 | hour=9 | energy=2.68774 | raw_energy=2.68774 | shortwave=51 | expected=0.341996 | residual=2.34575 | neighbor_delta=1.6499 | gmm=False | if=True | physical=True | near_gap=False | reason=PHYSICAL_DISTRIBUTION_JUMP
CTX-2 reason_context_for=PHYSICAL_DISTRIBUTION_JUMP | sitekey=35 | timestamp=2020-04-17 09:00:00 | hour=9 | energy=0.867431 | raw_energy=0.867431 | shortwave=51 | expected=0.341996 | residual=0.525435 | neighbor_delta=-0.014649 | gmm=False | if=False | physical=False | near_gap=False | reason=FINAL_FLAG
CTX-1 reason_context_for=PHYSICAL_DISTRIBUTION_JUMP | sitekey=35 | timestamp=2020-04-17 09:15:00 | hour=9 | energy=1.16504 | raw_energy=1.16504 | shortwave=51 | expected=0.341996 | residual=0.823043 | neighbor_delta=0.276001 | gmm=False | if=False | physical=False | near_gap=False | reason=FINAL_FLAG
CTX+1 reason_context_for=PHYSICAL_DISTRIBUTION_JUMP | sitekey=35 | timestamp=2020-04-17 09:45:00 | hour=9 | energy=2.90308 | raw_energy=2.90308 | shortwave=187 | expected=0.765625 | residual=2.13745 | neighbor_delta=1.604 | gmm=False | if=True | physical=False | near_gap=False | reason=FINAL_FLAG
CTX+2 reason_context_for=PHYSICAL_DISTRIBUTION_JUMP | sitekey=35 | timestamp=2020-04-17 10:00:00 | hour=10 | energy=1.43311 | raw_energy=1.43311 | shortwave=187 | expected=0.765625 | residual=0.66748 | neighbor_delta=-0.46875 | gmm=False | if=False | physical=False | near_gap=False | reason=FINAL_FLAG
OUTLIER | sitekey=35 | timestamp=2020-04-20 14:15:00 | hour=14 | energy=4.26099 | raw_energy=4.26099 | shortwave=160 | expected=0.765625 | residual=3.49536 | neighbor_delta=1.27283 | gmm=True | if=True | physical=True | near_gap=False | reason=GMM_IF_CONSENSUS+PHYSICAL_DISTRIBUTION_JUMP
CTX-2 reason_context_for=GMM_IF_CONSENSUS+PHYSICAL_DISTRIBUTION_JUMP | sitekey=35 | timestamp=2020-04-20 13:45:00 | hour=13 | energy=2.94214 | raw_energy=2.94214 | shortwave=160 | expected=0.765625 | residual=2.17651 | neighbor_delta=0.460694 | gmm=False | if=True | physical=False | near_gap=False | reason=FINAL_FLAG
CTX-1 reason_context_for=GMM_IF_CONSENSUS+PHYSICAL_DISTRIBUTION_JUMP | sitekey=35 | timestamp=2020-04-20 14:00:00 | hour=14 | energy=2.02759 | raw_energy=2.02759 | shortwave=160 | expected=0.765625 | residual=1.26196 | neighbor_delta=-1.0083 | gmm=False | if=False | physical=False | near_gap=False | reason=FINAL_FLAG
CTX+1 reason_context_for=GMM_IF_CONSENSUS+PHYSICAL_DISTRIBUTION_JUMP | sitekey=35 | timestamp=2020-04-20 14:30:00 | hour=14 | energy=3.12964 | raw_energy=3.12964 | shortwave=160 | expected=0.765625 | residual=2.36401 | neighbor_delta=0.141479 | gmm=False | if=True | physical=False | near_gap=False | reason=FINAL_FLAG
CTX+2 reason_context_for=GMM_IF_CONSENSUS+PHYSICAL_DISTRIBUTION_JUMP | sitekey=35 | timestamp=2020-04-20 14:45:00 | hour=14 | energy=2.9353 | raw_energy=2.9353 | shortwave=393 | expected=2.65683 | residual=0.278476 | neighbor_delta=-0.052856 | gmm=False | if=False | physical=False | near_gap=False | reason=FINAL_FLAG
OUTLIER | sitekey=35 | timestamp=2020-04-21 15:15:00 | hour=15 | energy=3.32788 | raw_energy=3.32788 | shortwave=200 | expected=0.765625 | residual=2.56226 | neighbor_delta=1.50024 | gmm=True | if=True | physical=False | near_gap=False | reason=GMM_IF_CONSENSUS
OUTLIER | sitekey=35 | timestamp=2020-05-07 11:00:00 | hour=11 | energy=4.44043 | raw_energy=4.44043 | shortwave=139 | expected=0.765625 | residual=3.67481 | neighbor_delta=0.423829 | gmm=True | if=True | physical=False | near_gap=False | reason=GMM_IF_CONSENSUS
OUTLIER | sitekey=35 | timestamp=2020-05-07 11:15:00 | hour=11 | energy=4.53027 | raw_energy=4.53027 | shortwave=139 | expected=0.765625 | residual=3.76465 | neighbor_delta=0.392333 | gmm=True | if=True | physical=False | near_gap=False | reason=GMM_IF_CONSENSUS

sitekey=36 | printed_outliers=10
OUTLIER | sitekey=36 | timestamp=2020-09-01 07:30:00 | hour=7 | energy=0.623535 | raw_energy=0.623535 | shortwave=3 | expected=0.0273438 | residual=0.596191 | neighbor_delta=-0.00317383 | gmm=True | if=True | physical=False | near_gap=False | reason=GMM_IF_CONSENSUS
OUTLIER | sitekey=36 | timestamp=2020-09-03 07:30:00 | hour=7 | energy=0.726562 | raw_energy=0.726562 | shortwave=3 | expected=0.0273438 | residual=0.699219 | neighbor_delta=0.271729 | gmm=True | if=True | physical=False | near_gap=False | reason=GMM_IF_CONSENSUS
OUTLIER | sitekey=36 | timestamp=2020-09-13 10:45:00 | hour=10 | energy=7.18164 | raw_energy=7.18164 | shortwave=236 | expected=2.47705 | residual=4.70459 | neighbor_delta=1.6123 | gmm=True | if=True | physical=False | near_gap=False | reason=GMM_IF_CONSENSUS
OUTLIER | sitekey=36 | timestamp=2020-09-13 11:00:00 | hour=11 | energy=8.73633 | raw_energy=8.73633 | shortwave=236 | expected=2.47705 | residual=6.25928 | neighbor_delta=2.95898 | gmm=True | if=True | physical=False | near_gap=False | reason=GMM_IF_CONSENSUS
OUTLIER | sitekey=36 | timestamp=2020-09-13 11:30:00 | hour=11 | energy=7.82227 | raw_energy=7.82227 | shortwave=236 | expected=2.47705 | residual=5.34521 | neighbor_delta=1.21533 | gmm=True | if=True | physical=False | near_gap=False | reason=GMM_IF_CONSENSUS
OUTLIER | sitekey=36 | timestamp=2020-09-13 12:00:00 | hour=12 | energy=7.46191 | raw_energy=7.46191 | shortwave=269 | expected=2.47705 | residual=4.98486 | neighbor_delta=-0.612793 | gmm=True | if=True | physical=False | near_gap=False | reason=GMM_IF_CONSENSUS
OUTLIER | sitekey=36 | timestamp=2020-09-13 12:30:00 | hour=12 | energy=8.32715 | raw_energy=8.32715 | shortwave=269 | expected=2.47705 | residual=5.8501 | neighbor_delta=0.478027 | gmm=True | if=True | physical=False | near_gap=False | reason=GMM_IF_CONSENSUS
OUTLIER | sitekey=36 | timestamp=2020-09-16 13:30:00 | hour=13 | energy=0.170898 | raw_energy=0.170898 | shortwave=766 | expected=8.39062 | residual=-8.21973 | neighbor_delta=-6.09375 | gmm=True | if=True | physical=True | near_gap=False | reason=GMM_IF_CONSENSUS+PHYSICAL_LOW_ENERGY_STRONG_SUN
OUTLIER | sitekey=36 | timestamp=2020-09-21 14:45:00 | hour=14 | energy=7.44824 | raw_energy=7.44824 | shortwave=87 | expected=0.40918 | residual=7.03906 | neighbor_delta=0.361816 | gmm=True | if=True | physical=False | near_gap=False | reason=GMM_IF_CONSENSUS
OUTLIER | sitekey=36 | timestamp=2020-09-21 15:00:00 | hour=15 | energy=6.98047 | raw_energy=6.98047 | shortwave=87 | expected=0.40918 | residual=6.57129 | neighbor_delta=0.0258789 | gmm=True | if=True | physical=False | near_gap=False | reason=GMM_IF_CONSENSUS

sitekey=37 | printed_outliers=10
OUTLIER | sitekey=37 | timestamp=2020-09-13 10:45:00 | hour=10 | energy=8.28418 | raw_energy=8.28418 | shortwave=236 | expected=2.54395 | residual=5.74023 | neighbor_delta=2.11279 | gmm=True | if=True | physical=False | near_gap=False | reason=GMM_IF_CONSENSUS
OUTLIER | sitekey=37 | timestamp=2020-09-13 11:00:00 | hour=11 | energy=8.30566 | raw_energy=8.30566 | shortwave=236 | expected=2.54395 | residual=5.76172 | neighbor_delta=0.791992 | gmm=True | if=True | physical=False | near_gap=False | reason=GMM_IF_CONSENSUS
OUTLIER | sitekey=37 | timestamp=2020-09-13 11:30:00 | hour=11 | energy=9.25293 | raw_energy=9.25293 | shortwave=236 | expected=2.54395 | residual=6.70898 | neighbor_delta=0.958008 | gmm=True | if=True | physical=False | near_gap=False | reason=GMM_IF_CONSENSUS
OUTLIER | sitekey=37 | timestamp=2020-09-13 11:45:00 | hour=11 | energy=8.81445 | raw_energy=8.81445 | shortwave=269 | expected=2.54395 | residual=6.27051 | neighbor_delta=0.341797 | gmm=True | if=True | physical=False | near_gap=False | reason=GMM_IF_CONSENSUS
OUTLIER | sitekey=37 | timestamp=2020-09-13 12:00:00 | hour=12 | energy=8.63965 | raw_energy=8.63965 | shortwave=269 | expected=2.54395 | residual=6.0957 | neighbor_delta=-0.0322266 | gmm=True | if=True | physical=False | near_gap=False | reason=GMM_IF_CONSENSUS
OUTLIER | sitekey=37 | timestamp=2020-09-13 12:30:00 | hour=12 | energy=9.47266 | raw_energy=9.47266 | shortwave=269 | expected=2.54395 | residual=6.92871 | neighbor_delta=0.790039 | gmm=True | if=True | physical=False | near_gap=False | reason=GMM_IF_CONSENSUS
OUTLIER | sitekey=37 | timestamp=2020-09-16 13:30:00 | hour=13 | energy=0.167969 | raw_energy=0.167969 | shortwave=766 | expected=8.24219 | residual=-8.07422 | neighbor_delta=-5.10449 | gmm=True | if=True | physical=True | near_gap=False | reason=GMM_IF_CONSENSUS+PHYSICAL_LOW_ENERGY_STRONG_SUN
OUTLIER | sitekey=37 | timestamp=2020-09-21 13:30:00 | hour=13 | energy=7.33691 | raw_energy=7.33691 | shortwave=197 | expected=1.39355 | residual=5.94336 | neighbor_delta=2.42822 | gmm=True | if=True | physical=False | near_gap=False | reason=GMM_IF_CONSENSUS
OUTLIER | sitekey=37 | timestamp=2020-09-21 14:00:00 | hour=14 | energy=8.66602 | raw_energy=8.66602 | shortwave=262 | expected=2.54395 | residual=6.12207 | neighbor_delta=1.51416 | gmm=True | if=True | physical=False | near_gap=False | reason=GMM_IF_CONSENSUS
OUTLIER | sitekey=37 | timestamp=2020-09-21 14:15:00 | hour=14 | energy=8.20312 | raw_energy=8.20312 | shortwave=262 | expected=2.54395 | residual=5.65918 | neighbor_delta=1.05127 | gmm=True | if=True | physical=False | near_gap=False | reason=GMM_IF_CONSENSUS

sitekey=38 | printed_outliers=10
OUTLIER | sitekey=38 | timestamp=2020-07-27 11:15:00 | hour=11 | energy=5.94702 | raw_energy=5.94702 | shortwave=70 | expected=0.835938 | residual=5.11108 | neighbor_delta=4.94275 | gmm=False | if=True | physical=True | near_gap=False | reason=PHYSICAL_DISTRIBUTION_JUMP
CTX-2 reason_context_for=PHYSICAL_DISTRIBUTION_JUMP | sitekey=38 | timestamp=2020-07-27 10:45:00 | hour=10 | energy=1.20166 | raw_energy=1.20166 | shortwave=70 | expected=0.835938 | residual=0.365723 | neighbor_delta=0.0953564 | gmm=False | if=False | physical=False | near_gap=False | reason=FINAL_FLAG
CTX-1 reason_context_for=PHYSICAL_DISTRIBUTION_JUMP | sitekey=38 | timestamp=2020-07-27 11:00:00 | hour=11 | energy=2.63916 | raw_energy=2.63916 | shortwave=70 | expected=0.835938 | residual=1.80322 | neighbor_delta=1.63489 | gmm=False | if=False | physical=False | near_gap=False | reason=FINAL_FLAG
CTX+1 reason_context_for=PHYSICAL_DISTRIBUTION_JUMP | sitekey=38 | timestamp=2020-07-27 11:30:00 | hour=11 | energy=3.17432 | raw_energy=3.17432 | shortwave=70 | expected=0.835938 | residual=2.33838 | neighbor_delta=2.20007 | gmm=False | if=False | physical=False | near_gap=False | reason=FINAL_FLAG
CTX+2 reason_context_for=PHYSICAL_DISTRIBUTION_JUMP | sitekey=38 | timestamp=2020-07-27 11:45:00 | hour=11 | energy=0.878418 | raw_energy=0.878418 | shortwave=122 | expected=1.53125 | residual=-0.652832 | neighbor_delta=-1.04199 | gmm=False | if=False | physical=False | near_gap=False | reason=FINAL_FLAG
OUTLIER | sitekey=38 | timestamp=2020-08-03 13:45:00 | hour=13 | energy=6.99268 | raw_energy=6.99268 | shortwave=173 | expected=1.53125 | residual=5.46143 | neighbor_delta=0.105957 | gmm=True | if=True | physical=False | near_gap=False | reason=GMM_IF_CONSENSUS
OUTLIER | sitekey=38 | timestamp=2020-09-03 07:30:00 | hour=7 | energy=0.90332 | raw_energy=0.90332 | shortwave=3 | expected=0.0317383 | residual=0.871582 | neighbor_delta=0.352539 | gmm=True | if=True | physical=False | near_gap=False | reason=GMM_IF_CONSENSUS
OUTLIER | sitekey=38 | timestamp=2020-09-04 07:30:00 | hour=7 | energy=0.869141 | raw_energy=0.869141 | shortwave=5 | expected=0.0317383 | residual=0.837402 | neighbor_delta=-0.117676 | gmm=True | if=True | physical=False | near_gap=False | reason=GMM_IF_CONSENSUS
OUTLIER | sitekey=38 | timestamp=2020-09-13 10:45:00 | hour=10 | energy=8.40332 | raw_energy=8.40332 | shortwave=236 | expected=2.85938 | residual=5.54395 | neighbor_delta=2.22119 | gmm=True | if=True | physical=False | near_gap=False | reason=GMM_IF_CONSENSUS
OUTLIER | sitekey=38 | timestamp=2020-09-13 11:00:00 | hour=11 | energy=10.0576 | raw_energy=10.0576 | shortwave=236 | expected=2.85938 | residual=7.19824 | neighbor_delta=2.8335 | gmm=True | if=True | physical=False | near_gap=False | reason=GMM_IF_CONSENSUS
OUTLIER | sitekey=38 | timestamp=2020-09-13 11:30:00 | hour=11 | energy=9.46484 | raw_energy=9.46484 | shortwave=236 | expected=2.85938 | residual=6.60547 | neighbor_delta=1.18408 | gmm=True | if=True | physical=False | near_gap=False | reason=GMM_IF_CONSENSUS
OUTLIER | sitekey=38 | timestamp=2020-09-13 12:30:00 | hour=12 | energy=10.3799 | raw_energy=10.3799 | shortwave=269 | expected=2.85938 | residual=7.52051 | neighbor_delta=1.01562 | gmm=True | if=True | physical=False | near_gap=False | reason=GMM_IF_CONSENSUS
OUTLIER | sitekey=38 | timestamp=2020-09-13 12:45:00 | hour=12 | energy=10.5928 | raw_energy=10.5928 | shortwave=400 | expected=5.01302 | residual=5.57975 | neighbor_delta=1.1748 | gmm=True | if=True | physical=False | near_gap=False | reason=GMM_IF_CONSENSUS
OUTLIER | sitekey=38 | timestamp=2020-09-13 13:00:00 | hour=13 | energy=10.7109 | raw_energy=10.7109 | shortwave=400 | expected=5.01302 | residual=5.69792 | neighbor_delta=1.28857 | gmm=True | if=True | physical=False | near_gap=False | reason=GMM_IF_CONSENSUS

sitekey=39 | printed_outliers=10
OUTLIER | sitekey=39 | timestamp=2020-08-25 11:00:00 | hour=11 | energy=5.19562 | raw_energy=5.19562 | shortwave=253 | expected=1.78543 | residual=3.41019 | neighbor_delta=1.93935 | gmm=True | if=True | physical=False | near_gap=False | reason=GMM_IF_CONSENSUS
OUTLIER | sitekey=39 | timestamp=2020-09-13 10:45:00 | hour=10 | energy=5.80823 | raw_energy=5.80823 | shortwave=236 | expected=1.68359 | residual=4.12463 | neighbor_delta=1.44031 | gmm=True | if=True | physical=False | near_gap=False | reason=GMM_IF_CONSENSUS
OUTLIER | sitekey=39 | timestamp=2020-09-13 11:00:00 | hour=11 | energy=5.41785 | raw_energy=5.41785 | shortwave=236 | expected=1.68359 | residual=3.73425 | neighbor_delta=0.32605 | gmm=True | if=True | physical=False | near_gap=False | reason=GMM_IF_CONSENSUS
OUTLIER | sitekey=39 | timestamp=2020-09-13 11:30:00 | hour=11 | energy=6.04663 | raw_energy=6.04663 | shortwave=236 | expected=1.68359 | residual=4.36304 | neighbor_delta=0.194885 | gmm=True | if=True | physical=False | near_gap=False | reason=GMM_IF_CONSENSUS
OUTLIER | sitekey=39 | timestamp=2020-09-13 11:45:00 | hour=11 | energy=5.95654 | raw_energy=5.95654 | shortwave=269 | expected=1.68359 | residual=4.27295 | neighbor_delta=-0.00695801 | gmm=True | if=True | physical=False | near_gap=False | reason=GMM_IF_CONSENSUS
OUTLIER | sitekey=39 | timestamp=2020-09-13 12:00:00 | hour=12 | energy=6.03174 | raw_energy=6.03174 | shortwave=269 | expected=1.68359 | residual=4.34814 | neighbor_delta=0.105835 | gmm=True | if=True | physical=False | near_gap=False | reason=GMM_IF_CONSENSUS
OUTLIER | sitekey=39 | timestamp=2020-09-13 12:15:00 | hour=12 | energy=5.89526 | raw_energy=5.89526 | shortwave=269 | expected=1.68359 | residual=4.21167 | neighbor_delta=-0.143921 | gmm=True | if=True | physical=False | near_gap=False | reason=GMM_IF_CONSENSUS
OUTLIER | sitekey=39 | timestamp=2020-09-13 12:30:00 | hour=12 | energy=6.41064 | raw_energy=6.41064 | shortwave=269 | expected=1.68359 | residual=4.72705 | neighbor_delta=0.37146 | gmm=True | if=True | physical=False | near_gap=False | reason=GMM_IF_CONSENSUS
OUTLIER | sitekey=39 | timestamp=2020-09-21 14:45:00 | hour=14 | energy=5.13867 | raw_energy=5.13867 | shortwave=87 | expected=0.250977 | residual=4.8877 | neighbor_delta=0.31665 | gmm=True | if=True | physical=False | near_gap=False | reason=GMM_IF_CONSENSUS
OUTLIER | sitekey=39 | timestamp=2020-09-21 15:00:00 | hour=15 | energy=4.8335 | raw_energy=4.8335 | shortwave=87 | expected=0.250977 | residual=4.58252 | neighbor_delta=0.0256348 | gmm=True | if=True | physical=False | near_gap=False | reason=GMM_IF_CONSENSUS

sitekey=4 | printed_outliers=10
OUTLIER | sitekey=4 | timestamp=2020-12-16 13:30:00 | hour=13 | energy=1.90234 | raw_energy=1.90234 | shortwave=430 | expected=0.894531 | residual=1.00781 | neighbor_delta=0.798828 | gmm=True | if=True | physical=False | near_gap=False | reason=GMM_IF_CONSENSUS
OUTLIER | sitekey=4 | timestamp=2020-12-16 15:00:00 | hour=15 | energy=0.300781 | raw_energy=0.300781 | shortwave=715 | expected=1.50781 | residual=-1.20703 | neighbor_delta=-0.0996094 | gmm=True | if=True | physical=False | near_gap=False | reason=GMM_IF_CONSENSUS
OUTLIER | sitekey=4 | timestamp=2020-12-16 15:15:00 | hour=15 | energy=0.199219 | raw_energy=0.199219 | shortwave=715 | expected=1.50781 | residual=-1.30859 | neighbor_delta=-0.101562 | gmm=True | if=True | physical=False | near_gap=False | reason=GMM_IF_CONSENSUS
OUTLIER | sitekey=4 | timestamp=2020-12-21 14:15:00 | hour=14 | energy=1.80469 | raw_energy=1.80469 | shortwave=381 | expected=0.894531 | residual=0.910156 | neighbor_delta=0.507812 | gmm=True | if=True | physical=False | near_gap=False | reason=GMM_IF_CONSENSUS
OUTLIER | sitekey=4 | timestamp=2020-12-22 10:30:00 | hour=10 | energy=1.19531 | raw_energy=1.19531 | shortwave=195 | expected=0.1875 | residual=1.00781 | neighbor_delta=0.0117188 | gmm=True | if=True | physical=False | near_gap=False | reason=GMM_IF_CONSENSUS
OUTLIER | sitekey=4 | timestamp=2020-12-23 14:00:00 | hour=14 | energy=0.699219 | raw_energy=0.699219 | shortwave=1020 | expected=1.75 | residual=-1.05078 | neighbor_delta=-0.654297 | gmm=True | if=True | physical=False | near_gap=False | reason=GMM_IF_CONSENSUS
OUTLIER | sitekey=4 | timestamp=2021-01-02 07:30:00 | hour=7 | energy=0.40625 | raw_energy=0.40625 | shortwave=42 | expected=0.0703125 | residual=0.335938 | neighbor_delta=0.208984 | gmm=True | if=True | physical=False | near_gap=False | reason=GMM_IF_CONSENSUS
OUTLIER | sitekey=4 | timestamp=2021-01-03 17:45:00 | hour=17 | energy=1.09766 | raw_energy=1.09766 | shortwave=315 | expected=0.300781 | residual=0.796875 | neighbor_delta=0.449219 | gmm=True | if=True | physical=False | near_gap=False | reason=GMM_IF_CONSENSUS
OUTLIER | sitekey=4 | timestamp=2021-01-12 15:30:00 | hour=15 | energy=0.394531 | raw_energy=0.394531 | shortwave=880 | expected=1.50781 | residual=-1.11328 | neighbor_delta=-1.05469 | gmm=True | if=True | physical=False | near_gap=False | reason=GMM_IF_CONSENSUS
OUTLIER | sitekey=4 | timestamp=2021-01-26 16:45:00 | hour=16 | energy=1.20312 | raw_energy=1.20312 | shortwave=267 | expected=0.300781 | residual=0.902344 | neighbor_delta=0.154297 | gmm=True | if=True | physical=False | near_gap=False | reason=GMM_IF_CONSENSUS

sitekey=40 | printed_outliers=10
OUTLIER | sitekey=40 | timestamp=2020-06-15 11:30:00 | hour=11 | energy=10.8094 | raw_energy=10.8094 | shortwave=173 | expected=2.12329 | residual=8.68616 | neighbor_delta=5.34253 | gmm=True | if=True | physical=False | near_gap=False | reason=GMM_IF_CONSENSUS
OUTLIER | sitekey=40 | timestamp=2020-08-12 10:30:00 | hour=10 | energy=10.6191 | raw_energy=10.6191 | shortwave=188 | expected=2.12329 | residual=8.49585 | neighbor_delta=2.43237 | gmm=True | if=True | physical=False | near_gap=False | reason=GMM_IF_CONSENSUS
OUTLIER | sitekey=40 | timestamp=2020-08-25 11:00:00 | hour=11 | energy=12.249 | raw_energy=12.249 | shortwave=253 | expected=3.8197 | residual=8.42932 | neighbor_delta=3.36963 | gmm=True | if=True | physical=False | near_gap=False | reason=GMM_IF_CONSENSUS
OUTLIER | sitekey=40 | timestamp=2020-09-03 07:30:00 | hour=7 | energy=1.36035 | raw_energy=1.36035 | shortwave=3 | expected=0.0374349 | residual=1.32292 | neighbor_delta=0.543457 | gmm=True | if=True | physical=False | near_gap=False | reason=GMM_IF_CONSENSUS
OUTLIER | sitekey=40 | timestamp=2020-09-04 07:30:00 | hour=7 | energy=1.33887 | raw_energy=1.33887 | shortwave=5 | expected=0.0374349 | residual=1.30143 | neighbor_delta=-0.182617 | gmm=True | if=True | physical=False | near_gap=False | reason=GMM_IF_CONSENSUS
OUTLIER | sitekey=40 | timestamp=2020-09-06 07:30:00 | hour=7 | energy=1.47266 | raw_energy=1.47266 | shortwave=7 | expected=0.0374349 | residual=1.43522 | neighbor_delta=-0.0878906 | gmm=True | if=True | physical=False | near_gap=False | reason=GMM_IF_CONSENSUS
OUTLIER | sitekey=40 | timestamp=2020-09-07 07:30:00 | hour=7 | energy=1.48242 | raw_energy=1.48242 | shortwave=8 | expected=0.0374349 | residual=1.44499 | neighbor_delta=-0.185059 | gmm=True | if=True | physical=False | near_gap=False | reason=GMM_IF_CONSENSUS
OUTLIER | sitekey=40 | timestamp=2020-09-09 09:30:00 | hour=9 | energy=13.9697 | raw_energy=13.9697 | shortwave=231 | expected=3.87402 | residual=10.0957 | neighbor_delta=7.68311 | gmm=True | if=True | physical=False | near_gap=False | reason=GMM_IF_CONSENSUS
OUTLIER | sitekey=40 | timestamp=2020-09-13 10:45:00 | hour=10 | energy=12.5615 | raw_energy=12.5615 | shortwave=236 | expected=3.87402 | residual=8.6875 | neighbor_delta=3.13281 | gmm=True | if=True | physical=False | near_gap=False | reason=GMM_IF_CONSENSUS
OUTLIER | sitekey=40 | timestamp=2020-09-13 11:00:00 | hour=11 | energy=14.0967 | raw_energy=14.0967 | shortwave=236 | expected=3.87402 | residual=10.2227 | neighbor_delta=4.29004 | gmm=True | if=True | physical=False | near_gap=False | reason=GMM_IF_CONSENSUS

sitekey=41 | printed_outliers=10
OUTLIER | sitekey=41 | timestamp=2020-01-10 15:15:00 | hour=15 | energy=4.875 | raw_energy=4.875 | shortwave=906 | expected=17.6875 | residual=-12.8125 | neighbor_delta=-1.04685 | gmm=True | if=True | physical=False | near_gap=False | reason=GMM_IF_CONSENSUS
OUTLIER | sitekey=41 | timestamp=2020-01-10 15:30:00 | hour=15 | energy=3.9688 | raw_energy=3.9688 | shortwave=906 | expected=17.6875 | residual=-13.7187 | neighbor_delta=-0.82805 | gmm=True | if=True | physical=False | near_gap=False | reason=GMM_IF_CONSENSUS
OUTLIER | sitekey=41 | timestamp=2020-01-18 15:30:00 | hour=15 | energy=6.7812 | raw_energy=6.7812 | shortwave=1040 | expected=17.6875 | residual=-10.9063 | neighbor_delta=-1.4532 | gmm=True | if=True | physical=False | near_gap=False | reason=GMM_IF_CONSENSUS
OUTLIER | sitekey=41 | timestamp=2020-01-28 14:45:00 | hour=14 | energy=8.6562 | raw_energy=8.6562 | shortwave=1041 | expected=17.6875 | residual=-9.0313 | neighbor_delta=-2.14065 | gmm=True | if=True | physical=False | near_gap=False | reason=GMM_IF_CONSENSUS
OUTLIER | sitekey=41 | timestamp=2020-01-28 15:00:00 | hour=15 | energy=8.5625 | raw_energy=8.5625 | shortwave=1041 | expected=17.6875 | residual=-9.125 | neighbor_delta=-1.5 | gmm=True | if=True | physical=False | near_gap=False | reason=GMM_IF_CONSENSUS
OUTLIER | sitekey=41 | timestamp=2020-02-07 13:45:00 | hour=13 | energy=0.6563 | raw_energy=0.6563 | shortwave=910 | expected=17.6875 | residual=-17.0312 | neighbor_delta=-0.5468 | gmm=True | if=True | physical=True | near_gap=False | reason=GMM_IF_CONSENSUS+PHYSICAL_LOW_ENERGY_STRONG_SUN
OUTLIER | sitekey=41 | timestamp=2020-02-07 14:00:00 | hour=14 | energy=0.5312 | raw_energy=0.5312 | shortwave=910 | expected=17.6875 | residual=-17.1563 | neighbor_delta=-0.12505 | gmm=True | if=True | physical=True | near_gap=False | reason=GMM_IF_CONSENSUS+PHYSICAL_LOW_ENERGY_STRONG_SUN
OUTLIER | sitekey=41 | timestamp=2020-02-07 14:15:00 | hour=14 | energy=0.3125 | raw_energy=0.3125 | shortwave=910 | expected=17.6875 | residual=-17.375 | neighbor_delta=-0.34375 | gmm=True | if=True | physical=True | near_gap=False | reason=GMM_IF_CONSENSUS+PHYSICAL_LOW_ENERGY_STRONG_SUN
OUTLIER | sitekey=41 | timestamp=2020-02-07 14:30:00 | hour=14 | energy=0.375 | raw_energy=0.375 | shortwave=910 | expected=17.6875 | residual=-17.3125 | neighbor_delta=-0.28125 | gmm=True | if=True | physical=True | near_gap=False | reason=GMM_IF_CONSENSUS+PHYSICAL_LOW_ENERGY_STRONG_SUN
OUTLIER | sitekey=41 | timestamp=2020-03-06 15:15:00 | hour=15 | energy=17.25 | raw_energy=17.25 | shortwave=404 | expected=8.4375 | residual=8.8125 | neighbor_delta=7.84686 | gmm=True | if=True | physical=False | near_gap=False | reason=GMM_IF_CONSENSUS

sitekey=42 | printed_outliers=10
OUTLIER | sitekey=42 | timestamp=2020-01-10 17:45:00 | hour=17 | energy=0.7032 | raw_energy=0.7032 | shortwave=84 | expected=0.234375 | residual=0.468825 | neighbor_delta=-0.0429 | gmm=True | if=True | physical=False | near_gap=False | reason=GMM_IF_CONSENSUS
OUTLIER | sitekey=42 | timestamp=2020-01-10 18:00:00 | hour=18 | energy=0.7187 | raw_energy=0.7187 | shortwave=84 | expected=0.234375 | residual=0.484325 | neighbor_delta=-0.004 | gmm=True | if=True | physical=False | near_gap=False | reason=GMM_IF_CONSENSUS
OUTLIER | sitekey=42 | timestamp=2020-01-10 18:15:00 | hour=18 | energy=0.7422 | raw_energy=0.7422 | shortwave=84 | expected=0.234375 | residual=0.507825 | neighbor_delta=0.3906 | gmm=True | if=True | physical=False | near_gap=False | reason=GMM_IF_CONSENSUS
OUTLIER | sitekey=42 | timestamp=2020-01-20 14:15:00 | hour=14 | energy=4.8516 | raw_energy=4.8516 | shortwave=330 | expected=1.04299 | residual=3.80861 | neighbor_delta=1.98055 | gmm=True | if=True | physical=False | near_gap=False | reason=GMM_IF_CONSENSUS
OUTLIER | sitekey=42 | timestamp=2020-01-22 15:00:00 | hour=15 | energy=2.6016 | raw_energy=2.6016 | shortwave=912 | expected=5.88281 | residual=-3.28121 | neighbor_delta=-0.26555 | gmm=True | if=True | physical=False | near_gap=False | reason=GMM_IF_CONSENSUS
OUTLIER | sitekey=42 | timestamp=2020-02-01 14:00:00 | hour=14 | energy=2.7187 | raw_energy=2.7187 | shortwave=928 | expected=5.88281 | residual=-3.16411 | neighbor_delta=-2.62115 | gmm=True | if=True | physical=True | near_gap=False | reason=GMM_IF_CONSENSUS+PHYSICAL_DISTRIBUTION_JUMP
CTX-2 reason_context_for=GMM_IF_CONSENSUS+PHYSICAL_DISTRIBUTION_JUMP | sitekey=42 | timestamp=2020-02-01 13:30:00 | hour=13 | energy=5.5782 | raw_energy=5.5782 | shortwave=505 | expected=3.54688 | residual=2.03133 | neighbor_delta=0.4532 | gmm=False | if=False | physical=False | near_gap=False | reason=FINAL_FLAG
CTX-1 reason_context_for=GMM_IF_CONSENSUS+PHYSICAL_DISTRIBUTION_JUMP | sitekey=42 | timestamp=2020-02-01 13:45:00 | hour=13 | energy=6.0625 | raw_energy=6.0625 | shortwave=928 | expected=5.88281 | residual=0.179694 | neighbor_delta=0.83985 | gmm=False | if=False | physical=False | near_gap=False | reason=FINAL_FLAG
CTX+1 reason_context_for=GMM_IF_CONSENSUS+PHYSICAL_DISTRIBUTION_JUMP | sitekey=42 | timestamp=2020-02-01 14:15:00 | hour=14 | energy=3.90625 | raw_energy=3.90625 | shortwave=928 | expected=5.88281 | residual=-1.97656 | neighbor_delta=-1.39455 | gmm=False | if=False | physical=False | near_gap=False | reason=FINAL_FLAG
CTX+2 reason_context_for=GMM_IF_CONSENSUS+PHYSICAL_DISTRIBUTION_JUMP | sitekey=42 | timestamp=2020-02-01 14:30:00 | hour=14 | energy=5.0938 | raw_energy=5.0938 | shortwave=928 | expected=5.88281 | residual=-0.789006 | neighbor_delta=-0.207 | gmm=False | if=False | physical=False | near_gap=False | reason=FINAL_FLAG
OUTLIER | sitekey=42 | timestamp=2020-02-01 16:30:00 | hour=16 | energy=0.5391 | raw_energy=0.5391 | shortwave=728 | expected=4.9375 | residual=-4.3984 | neighbor_delta=-1.22255 | gmm=True | if=True | physical=False | near_gap=False | reason=GMM_IF_CONSENSUS
OUTLIER | sitekey=42 | timestamp=2020-02-02 12:00:00 | hour=12 | energy=5.0625 | raw_energy=5.0625 | shortwave=335 | expected=1.04299 | residual=4.01951 | neighbor_delta=1.88866 | gmm=True | if=True | physical=False | near_gap=False | reason=GMM_IF_CONSENSUS
OUTLIER | sitekey=42 | timestamp=2020-02-02 12:15:00 | hour=12 | energy=5.625 | raw_energy=5.625 | shortwave=335 | expected=1.04299 | residual=4.58201 | neighbor_delta=2.59761 | gmm=True | if=True | physical=False | near_gap=False | reason=GMM_IF_CONSENSUS
OUTLIER | sitekey=42 | timestamp=2020-02-02 12:30:00 | hour=12 | energy=5.8281 | raw_energy=5.8281 | shortwave=335 | expected=1.04299 | residual=4.78511 | neighbor_delta=2.80071 | gmm=True | if=True | physical=False | near_gap=False | reason=GMM_IF_CONSENSUS

sitekey=5 | printed_outliers=10
OUTLIER | sitekey=5 | timestamp=2020-12-16 15:00:00 | hour=15 | energy=0.402344 | raw_energy=0.402344 | shortwave=715 | expected=1.55159 | residual=-1.14925 | neighbor_delta=0.00390625 | gmm=True | if=True | physical=False | near_gap=False | reason=GMM_IF_CONSENSUS
OUTLIER | sitekey=5 | timestamp=2020-12-16 15:15:00 | hour=15 | energy=0.203125 | raw_energy=0.203125 | shortwave=715 | expected=1.55159 | residual=-1.34846 | neighbor_delta=-0.146484 | gmm=True | if=True | physical=False | near_gap=False | reason=GMM_IF_CONSENSUS
OUTLIER | sitekey=5 | timestamp=2020-12-16 15:30:00 | hour=15 | energy=0.296875 | raw_energy=0.296875 | shortwave=715 | expected=1.55159 | residual=-1.25471 | neighbor_delta=0.0957031 | gmm=True | if=True | physical=False | near_gap=False | reason=GMM_IF_CONSENSUS
OUTLIER | sitekey=5 | timestamp=2020-12-20 07:30:00 | hour=7 | energy=0.601562 | raw_energy=0.601562 | shortwave=64 | expected=0.0976562 | residual=0.503906 | neighbor_delta=0.203125 | gmm=True | if=True | physical=False | near_gap=False | reason=GMM_IF_CONSENSUS
OUTLIER | sitekey=5 | timestamp=2020-12-22 09:00:00 | hour=9 | energy=1 | raw_energy=1 | shortwave=71 | expected=0.0976562 | residual=0.902344 | neighbor_delta=0.453125 | gmm=True | if=True | physical=False | near_gap=False | reason=GMM_IF_CONSENSUS
OUTLIER | sitekey=5 | timestamp=2020-12-31 12:15:00 | hour=12 | energy=0.601562 | raw_energy=0.601562 | shortwave=839 | expected=1.55159 | residual=-0.950027 | neighbor_delta=-0.296875 | gmm=True | if=True | physical=False | near_gap=False | reason=GMM_IF_CONSENSUS
OUTLIER | sitekey=5 | timestamp=2021-01-02 07:30:00 | hour=7 | energy=0.605469 | raw_energy=0.605469 | shortwave=42 | expected=0.101562 | residual=0.503906 | neighbor_delta=0.310547 | gmm=True | if=True | physical=False | near_gap=False | reason=GMM_IF_CONSENSUS
OUTLIER | sitekey=5 | timestamp=2021-01-12 15:30:00 | hour=15 | energy=0.394531 | raw_energy=0.394531 | shortwave=880 | expected=1.55159 | residual=-1.15706 | neighbor_delta=-1.05273 | gmm=True | if=True | physical=False | near_gap=False | reason=GMM_IF_CONSENSUS
OUTLIER | sitekey=5 | timestamp=2021-01-26 14:30:00 | hour=14 | energy=1.60156 | raw_energy=1.60156 | shortwave=280 | expected=0.300781 | residual=1.30078 | neighbor_delta=0.605469 | gmm=True | if=True | physical=False | near_gap=False | reason=GMM_IF_CONSENSUS
OUTLIER | sitekey=5 | timestamp=2021-01-30 10:45:00 | hour=10 | energy=1.50391 | raw_energy=1.50391 | shortwave=162 | expected=0.193415 | residual=1.31049 | neighbor_delta=0.753906 | gmm=True | if=True | physical=False | near_gap=False | reason=GMM_IF_CONSENSUS

sitekey=6 | printed_outliers=10
OUTLIER | sitekey=6 | timestamp=2021-03-07 08:30:00 | hour=8 | energy=5.15625 | raw_energy=5.15625 | shortwave=24 | expected=0.140625 | residual=5.01562 | neighbor_delta=0.667969 | gmm=False | if=True | physical=True | near_gap=False | reason=PHYSICAL_HIGH_ENERGY_NO_SUN+PHYSICAL_HIGH_ENERGY_LOW_RADIATION
OUTLIER | sitekey=6 | timestamp=2021-03-11 09:30:00 | hour=9 | energy=13.1562 | raw_energy=13.1562 | shortwave=48 | expected=0.5625 | residual=12.5938 | neighbor_delta=7.60547 | gmm=False | if=True | physical=True | near_gap=False | reason=PHYSICAL_HIGH_ENERGY_LOW_RADIATION+PHYSICAL_DISTRIBUTION_JUMP
CTX-2 reason_context_for=PHYSICAL_HIGH_ENERGY_LOW_RADIATION+PHYSICAL_DISTRIBUTION_JUMP | sitekey=6 | timestamp=2021-03-11 09:00:00 | hour=9 | energy=4.36719 | raw_energy=4.36719 | shortwave=48 | expected=0.5625 | residual=3.80469 | neighbor_delta=-0.628906 | gmm=False | if=False | physical=False | near_gap=False | reason=FINAL_FLAG
CTX-1 reason_context_for=PHYSICAL_HIGH_ENERGY_LOW_RADIATION+PHYSICAL_DISTRIBUTION_JUMP | sitekey=6 | timestamp=2021-03-11 09:15:00 | hour=9 | energy=4.60938 | raw_energy=4.60938 | shortwave=48 | expected=0.5625 | residual=4.04688 | neighbor_delta=-1.98633 | gmm=False | if=False | physical=False | near_gap=False | reason=FINAL_FLAG
CTX+1 reason_context_for=PHYSICAL_HIGH_ENERGY_LOW_RADIATION+PHYSICAL_DISTRIBUTION_JUMP | sitekey=6 | timestamp=2021-03-11 09:45:00 | hour=9 | energy=13.1836 | raw_energy=13.1836 | shortwave=165 | expected=3.88398 | residual=9.29961 | neighbor_delta=6.5625 | gmm=False | if=False | physical=False | near_gap=False | reason=FINAL_FLAG
CTX+2 reason_context_for=PHYSICAL_HIGH_ENERGY_LOW_RADIATION+PHYSICAL_DISTRIBUTION_JUMP | sitekey=6 | timestamp=2021-03-11 10:00:00 | hour=10 | energy=7.80859 | raw_energy=7.80859 | shortwave=165 | expected=3.88398 | residual=3.92461 | neighbor_delta=-0.277344 | gmm=False | if=False | physical=False | near_gap=False | reason=FINAL_FLAG
OUTLIER | sitekey=6 | timestamp=2021-03-14 08:30:00 | hour=8 | energy=4.98828 | raw_energy=4.98828 | shortwave=23 | expected=0.140625 | residual=4.84766 | neighbor_delta=0.236328 | gmm=False | if=True | physical=True | near_gap=False | reason=PHYSICAL_HIGH_ENERGY_LOW_RADIATION
OUTLIER | sitekey=6 | timestamp=2021-03-23 11:15:00 | hour=11 | energy=15.8867 | raw_energy=15.8867 | shortwave=63 | expected=1.38672 | residual=14.5 | neighbor_delta=4.2168 | gmm=True | if=True | physical=True | near_gap=False | reason=GMM_IF_CONSENSUS+PHYSICAL_DISTRIBUTION_JUMP
CTX-2 reason_context_for=GMM_IF_CONSENSUS+PHYSICAL_DISTRIBUTION_JUMP | sitekey=6 | timestamp=2021-03-23 10:45:00 | hour=10 | energy=8.40234 | raw_energy=8.40234 | shortwave=63 | expected=1.38672 | residual=7.01562 | neighbor_delta=0.132812 | gmm=False | if=False | physical=False | near_gap=False | reason=FINAL_FLAG
CTX-1 reason_context_for=GMM_IF_CONSENSUS+PHYSICAL_DISTRIBUTION_JUMP | sitekey=6 | timestamp=2021-03-23 11:00:00 | hour=11 | energy=10.7148 | raw_energy=10.7148 | shortwave=63 | expected=1.38672 | residual=9.32812 | neighbor_delta=0.201172 | gmm=False | if=True | physical=False | near_gap=False | reason=FINAL_FLAG
CTX+1 reason_context_for=GMM_IF_CONSENSUS+PHYSICAL_DISTRIBUTION_JUMP | sitekey=6 | timestamp=2021-03-23 11:30:00 | hour=11 | energy=20.4141 | raw_energy=20.4141 | shortwave=63 | expected=1.38672 | residual=19.0273 | neighbor_delta=8.74414 | gmm=True | if=True | physical=True | near_gap=False | reason=GMM_IF_CONSENSUS+PHYSICAL_DISTRIBUTION_JUMP
CTX+2 reason_context_for=GMM_IF_CONSENSUS+PHYSICAL_DISTRIBUTION_JUMP | sitekey=6 | timestamp=2021-03-23 11:45:00 | hour=11 | energy=12.625 | raw_energy=12.625 | shortwave=251 | expected=7.41992 | residual=5.20508 | neighbor_delta=0.882812 | gmm=False | if=False | physical=False | near_gap=False | reason=FINAL_FLAG
OUTLIER | sitekey=6 | timestamp=2021-03-23 11:30:00 | hour=11 | energy=20.4141 | raw_energy=20.4141 | shortwave=63 | expected=1.38672 | residual=19.0273 | neighbor_delta=8.74414 | gmm=True | if=True | physical=True | near_gap=False | reason=GMM_IF_CONSENSUS+PHYSICAL_DISTRIBUTION_JUMP
CTX-2 reason_context_for=GMM_IF_CONSENSUS+PHYSICAL_DISTRIBUTION_JUMP | sitekey=6 | timestamp=2021-03-23 11:00:00 | hour=11 | energy=10.7148 | raw_energy=10.7148 | shortwave=63 | expected=1.38672 | residual=9.32812 | neighbor_delta=0.201172 | gmm=False | if=True | physical=False | near_gap=False | reason=FINAL_FLAG
CTX-1 reason_context_for=GMM_IF_CONSENSUS+PHYSICAL_DISTRIBUTION_JUMP | sitekey=6 | timestamp=2021-03-23 11:15:00 | hour=11 | energy=15.8867 | raw_energy=15.8867 | shortwave=63 | expected=1.38672 | residual=14.5 | neighbor_delta=4.2168 | gmm=True | if=True | physical=True | near_gap=False | reason=GMM_IF_CONSENSUS+PHYSICAL_DISTRIBUTION_JUMP
CTX+1 reason_context_for=GMM_IF_CONSENSUS+PHYSICAL_DISTRIBUTION_JUMP | sitekey=6 | timestamp=2021-03-23 11:45:00 | hour=11 | energy=12.625 | raw_energy=12.625 | shortwave=251 | expected=7.41992 | residual=5.20508 | neighbor_delta=0.882812 | gmm=False | if=False | physical=False | near_gap=False | reason=FINAL_FLAG
CTX+2 reason_context_for=GMM_IF_CONSENSUS+PHYSICAL_DISTRIBUTION_JUMP | sitekey=6 | timestamp=2021-03-23 12:00:00 | hour=12 | energy=12.7695 | raw_energy=12.7695 | shortwave=251 | expected=7.41992 | residual=5.34961 | neighbor_delta=-0.119141 | gmm=False | if=False | physical=False | near_gap=False | reason=FINAL_FLAG
OUTLIER | sitekey=6 | timestamp=2021-03-24 09:30:00 | hour=9 | energy=9.88281 | raw_energy=9.88281 | shortwave=48 | expected=0.5625 | residual=9.32031 | neighbor_delta=2.41016 | gmm=False | if=True | physical=True | near_gap=False | reason=PHYSICAL_HIGH_ENERGY_LOW_RADIATION
OUTLIER | sitekey=6 | timestamp=2021-03-24 11:30:00 | hour=11 | energy=17.9297 | raw_energy=17.9297 | shortwave=174 | expected=3.88398 | residual=14.0457 | neighbor_delta=4.63086 | gmm=True | if=True | physical=False | near_gap=False | reason=GMM_IF_CONSENSUS
OUTLIER | sitekey=6 | timestamp=2021-03-24 15:30:00 | hour=15 | energy=21.2031 | raw_energy=21.2031 | shortwave=283 | expected=7.41992 | residual=13.7832 | neighbor_delta=12.3398 | gmm=True | if=True | physical=False | near_gap=False | reason=GMM_IF_CONSENSUS
OUTLIER | sitekey=6 | timestamp=2021-03-26 08:30:00 | hour=8 | energy=3.39453 | raw_energy=3.39453 | shortwave=9 | expected=0.140625 | residual=3.25391 | neighbor_delta=0.154297 | gmm=True | if=True | physical=False | near_gap=False | reason=GMM_IF_CONSENSUS
OUTLIER | sitekey=6 | timestamp=2021-03-28 13:45:00 | hour=13 | energy=22.6094 | raw_energy=22.6094 | shortwave=337 | expected=7.41992 | residual=15.1895 | neighbor_delta=4.19336 | gmm=True | if=True | physical=False | near_gap=False | reason=GMM_IF_CONSENSUS

sitekey=7 | printed_outliers=10
OUTLIER | sitekey=7 | timestamp=2020-01-15 15:00:00 | hour=15 | energy=2.6562 | raw_energy=2.6562 | shortwave=852 | expected=12.117 | residual=-9.46077 | neighbor_delta=-8.84179 | gmm=True | if=True | physical=False | near_gap=False | reason=GMM_IF_CONSENSUS
OUTLIER | sitekey=7 | timestamp=2020-01-15 15:15:00 | hour=15 | energy=0.9375 | raw_energy=0.9375 | shortwave=852 | expected=12.117 | residual=-11.1795 | neighbor_delta=-9.62099 | gmm=True | if=True | physical=False | near_gap=False | reason=GMM_IF_CONSENSUS
OUTLIER | sitekey=7 | timestamp=2020-01-15 15:30:00 | hour=15 | energy=0.3438 | raw_energy=0.3438 | shortwave=852 | expected=12.117 | residual=-11.7732 | neighbor_delta=-10.2147 | gmm=True | if=True | physical=True | near_gap=False | reason=GMM_IF_CONSENSUS+PHYSICAL_LOW_ENERGY_STRONG_SUN+PHYSICAL_DISTRIBUTION_JUMP
CTX-2 reason_context_for=GMM_IF_CONSENSUS+PHYSICAL_LOW_ENERGY_STRONG_SUN+PHYSICAL_DISTRIBUTION_JUMP | sitekey=7 | timestamp=2020-01-15 15:00:00 | hour=15 | energy=2.6562 | raw_energy=2.6562 | shortwave=852 | expected=12.117 | residual=-9.46077 | neighbor_delta=-8.84179 | gmm=True | if=True | physical=False | near_gap=False | reason=GMM_IF_CONSENSUS
CTX-1 reason_context_for=GMM_IF_CONSENSUS+PHYSICAL_LOW_ENERGY_STRONG_SUN+PHYSICAL_DISTRIBUTION_JUMP | sitekey=7 | timestamp=2020-01-15 15:15:00 | hour=15 | energy=0.9375 | raw_energy=0.9375 | shortwave=852 | expected=12.117 | residual=-11.1795 | neighbor_delta=-9.62099 | gmm=True | if=True | physical=False | near_gap=False | reason=GMM_IF_CONSENSUS
CTX+1 reason_context_for=GMM_IF_CONSENSUS+PHYSICAL_LOW_ENERGY_STRONG_SUN+PHYSICAL_DISTRIBUTION_JUMP | sitekey=7 | timestamp=2020-01-15 15:45:00 | hour=15 | energy=0.1562 | raw_energy=0.1562 | shortwave=705 | expected=12.117 | residual=-11.9608 | neighbor_delta=-8.40882 | gmm=True | if=True | physical=True | near_gap=False | reason=GMM_IF_CONSENSUS+PHYSICAL_LOW_ENERGY_STRONG_SUN+PHYSICAL_DISTRIBUTION_JUMP
CTX+2 reason_context_for=GMM_IF_CONSENSUS+PHYSICAL_LOW_ENERGY_STRONG_SUN+PHYSICAL_DISTRIBUTION_JUMP | sitekey=7 | timestamp=2020-01-15 16:00:00 | hour=16 | energy=10.5585 | raw_energy=10.5585 | shortwave=705 | expected=12.117 | residual=-1.55848 | neighbor_delta=5.94461 | gmm=False | if=False | physical=False | near_gap=False | reason=FINAL_FLAG
OUTLIER | sitekey=7 | timestamp=2020-01-15 15:45:00 | hour=15 | energy=0.1562 | raw_energy=0.1562 | shortwave=705 | expected=12.117 | residual=-11.9608 | neighbor_delta=-8.40882 | gmm=True | if=True | physical=True | near_gap=False | reason=GMM_IF_CONSENSUS+PHYSICAL_LOW_ENERGY_STRONG_SUN+PHYSICAL_DISTRIBUTION_JUMP
CTX-2 reason_context_for=GMM_IF_CONSENSUS+PHYSICAL_LOW_ENERGY_STRONG_SUN+PHYSICAL_DISTRIBUTION_JUMP | sitekey=7 | timestamp=2020-01-15 15:15:00 | hour=15 | energy=0.9375 | raw_energy=0.9375 | shortwave=852 | expected=12.117 | residual=-11.1795 | neighbor_delta=-9.62099 | gmm=True | if=True | physical=False | near_gap=False | reason=GMM_IF_CONSENSUS
CTX-1 reason_context_for=GMM_IF_CONSENSUS+PHYSICAL_LOW_ENERGY_STRONG_SUN+PHYSICAL_DISTRIBUTION_JUMP | sitekey=7 | timestamp=2020-01-15 15:30:00 | hour=15 | energy=0.3438 | raw_energy=0.3438 | shortwave=852 | expected=12.117 | residual=-11.7732 | neighbor_delta=-10.2147 | gmm=True | if=True | physical=True | near_gap=False | reason=GMM_IF_CONSENSUS+PHYSICAL_LOW_ENERGY_STRONG_SUN+PHYSICAL_DISTRIBUTION_JUMP
CTX+1 reason_context_for=GMM_IF_CONSENSUS+PHYSICAL_LOW_ENERGY_STRONG_SUN+PHYSICAL_DISTRIBUTION_JUMP | sitekey=7 | timestamp=2020-01-15 16:00:00 | hour=16 | energy=10.5585 | raw_energy=10.5585 | shortwave=705 | expected=12.117 | residual=-1.55848 | neighbor_delta=5.94461 | gmm=False | if=False | physical=False | near_gap=False | reason=FINAL_FLAG
CTX+2 reason_context_for=GMM_IF_CONSENSUS+PHYSICAL_LOW_ENERGY_STRONG_SUN+PHYSICAL_DISTRIBUTION_JUMP | sitekey=7 | timestamp=2020-01-15 16:15:00 | hour=16 | energy=10.5585 | raw_energy=10.5585 | shortwave=705 | expected=12.117 | residual=-1.55848 | neighbor_delta=3.98694 | gmm=False | if=False | physical=False | near_gap=False | reason=FINAL_FLAG
OUTLIER | sitekey=7 | timestamp=2020-01-20 08:45:00 | hour=8 | energy=4.4063 | raw_energy=4.4063 | shortwave=78 | expected=0.5281 | residual=3.8782 | neighbor_delta=0.2032 | gmm=True | if=True | physical=False | near_gap=False | reason=GMM_IF_CONSENSUS
OUTLIER | sitekey=7 | timestamp=2020-01-20 09:00:00 | hour=9 | energy=5.375 | raw_energy=5.375 | shortwave=78 | expected=0.5281 | residual=4.8469 | neighbor_delta=0.48435 | gmm=True | if=True | physical=False | near_gap=False | reason=GMM_IF_CONSENSUS
OUTLIER | sitekey=7 | timestamp=2020-01-22 18:00:00 | hour=18 | energy=2.5625 | raw_energy=2.5625 | shortwave=42 | expected=0.6875 | residual=1.875 | neighbor_delta=0.96875 | gmm=True | if=True | physical=False | near_gap=False | reason=GMM_IF_CONSENSUS
OUTLIER | sitekey=7 | timestamp=2020-01-22 18:15:00 | hour=18 | energy=3.375 | raw_energy=3.375 | shortwave=42 | expected=0.6875 | residual=2.6875 | neighbor_delta=2.46875 | gmm=True | if=True | physical=False | near_gap=False | reason=GMM_IF_CONSENSUS
OUTLIER | sitekey=7 | timestamp=2020-01-23 15:00:00 | hour=15 | energy=14.7187 | raw_energy=14.7187 | shortwave=478 | expected=5.875 | residual=8.8437 | neighbor_delta=7.07805 | gmm=True | if=True | physical=False | near_gap=False | reason=GMM_IF_CONSENSUS
OUTLIER | sitekey=7 | timestamp=2020-01-23 16:15:00 | hour=16 | energy=6.5938 | raw_energy=6.5938 | shortwave=206 | expected=3.03125 | residual=3.56255 | neighbor_delta=-1.1562 | gmm=True | if=True | physical=False | near_gap=False | reason=GMM_IF_CONSENSUS

sitekey=8 | printed_outliers=10
OUTLIER | sitekey=8 | timestamp=2021-02-04 13:30:00 | hour=13 | energy=24.4883 | raw_energy=24.4883 | shortwave=471 | expected=9.13867 | residual=15.3496 | neighbor_delta=5.97881 | gmm=True | if=True | physical=False | near_gap=False | reason=GMM_IF_CONSENSUS
OUTLIER | sitekey=8 | timestamp=2021-02-04 15:15:00 | hour=15 | energy=26.4707 | raw_energy=26.4707 | shortwave=590 | expected=14.7578 | residual=11.7129 | neighbor_delta=10.1792 | gmm=True | if=True | physical=False | near_gap=False | reason=GMM_IF_CONSENSUS
OUTLIER | sitekey=8 | timestamp=2021-02-06 15:00:00 | hour=15 | energy=25.4922 | raw_energy=25.4922 | shortwave=467 | expected=9.13867 | residual=16.3535 | neighbor_delta=7.20117 | gmm=True | if=True | physical=False | near_gap=False | reason=GMM_IF_CONSENSUS
OUTLIER | sitekey=8 | timestamp=2021-02-07 11:30:00 | hour=11 | energy=25.918 | raw_energy=25.918 | shortwave=362 | expected=9.13867 | residual=16.7793 | neighbor_delta=8.70996 | gmm=True | if=True | physical=False | near_gap=False | reason=GMM_IF_CONSENSUS
OUTLIER | sitekey=8 | timestamp=2021-02-08 14:45:00 | hour=14 | energy=10.709 | raw_energy=10.709 | shortwave=908 | expected=25.7031 | residual=-14.9941 | neighbor_delta=-8.53359 | gmm=False | if=True | physical=True | near_gap=False | reason=PHYSICAL_DISTRIBUTION_JUMP
CTX-2 reason_context_for=PHYSICAL_DISTRIBUTION_JUMP | sitekey=8 | timestamp=2021-02-08 14:15:00 | hour=14 | energy=18.2574 | raw_energy=18.2574 | shortwave=909 | expected=25.7031 | residual=-7.4457 | neighbor_delta=-2.95547 | gmm=False | if=False | physical=False | near_gap=False | reason=FINAL_FLAG
CTX-1 reason_context_for=PHYSICAL_DISTRIBUTION_JUMP | sitekey=8 | timestamp=2021-02-08 14:30:00 | hour=14 | energy=16.2871 | raw_energy=16.2871 | shortwave=909 | expected=25.7031 | residual=-9.41602 | neighbor_delta=-2.95547 | gmm=False | if=False | physical=False | near_gap=False | reason=FINAL_FLAG
CTX+1 reason_context_for=PHYSICAL_DISTRIBUTION_JUMP | sitekey=8 | timestamp=2021-02-08 15:00:00 | hour=15 | energy=16.8672 | raw_energy=16.8672 | shortwave=908 | expected=25.7031 | residual=-8.83594 | neighbor_delta=-0.405078 | gmm=False | if=False | physical=False | near_gap=False | reason=FINAL_FLAG
CTX+2 reason_context_for=PHYSICAL_DISTRIBUTION_JUMP | sitekey=8 | timestamp=2021-02-08 15:15:00 | hour=15 | energy=22.3848 | raw_energy=22.3848 | shortwave=908 | expected=25.7031 | residual=-3.31836 | neighbor_delta=8.02246 | gmm=False | if=False | physical=False | near_gap=False | reason=FINAL_FLAG
OUTLIER | sitekey=8 | timestamp=2021-02-12 11:30:00 | hour=11 | energy=25.3066 | raw_energy=25.3066 | shortwave=420 | expected=9.13867 | residual=16.168 | neighbor_delta=5.38184 | gmm=True | if=True | physical=False | near_gap=False | reason=GMM_IF_CONSENSUS
OUTLIER | sitekey=8 | timestamp=2021-03-11 09:30:00 | hour=9 | energy=7.875 | raw_energy=7.875 | shortwave=48 | expected=0.402344 | residual=7.47266 | neighbor_delta=3.71484 | gmm=False | if=True | physical=True | near_gap=False | reason=PHYSICAL_HIGH_ENERGY_LOW_RADIATION+PHYSICAL_DISTRIBUTION_JUMP
CTX-2 reason_context_for=PHYSICAL_HIGH_ENERGY_LOW_RADIATION+PHYSICAL_DISTRIBUTION_JUMP | sitekey=8 | timestamp=2021-03-11 09:00:00 | hour=9 | energy=2.98438 | raw_energy=2.98438 | shortwave=48 | expected=0.402344 | residual=2.58203 | neighbor_delta=-0.185547 | gmm=False | if=False | physical=False | near_gap=False | reason=FINAL_FLAG
CTX-1 reason_context_for=PHYSICAL_HIGH_ENERGY_LOW_RADIATION+PHYSICAL_DISTRIBUTION_JUMP | sitekey=8 | timestamp=2021-03-11 09:15:00 | hour=9 | energy=3.48828 | raw_energy=3.48828 | shortwave=48 | expected=0.402344 | residual=3.08594 | neighbor_delta=-1.04102 | gmm=False | if=False | physical=False | near_gap=False | reason=FINAL_FLAG
CTX+1 reason_context_for=PHYSICAL_HIGH_ENERGY_LOW_RADIATION+PHYSICAL_DISTRIBUTION_JUMP | sitekey=8 | timestamp=2021-03-11 09:45:00 | hour=9 | energy=9.4375 | raw_energy=9.4375 | shortwave=165 | expected=2.90234 | residual=6.53516 | neighbor_delta=3.98438 | gmm=False | if=False | physical=False | near_gap=False | reason=FINAL_FLAG
CTX+2 reason_context_for=PHYSICAL_HIGH_ENERGY_LOW_RADIATION+PHYSICAL_DISTRIBUTION_JUMP | sitekey=8 | timestamp=2021-03-11 10:00:00 | hour=10 | energy=6.07422 | raw_energy=6.07422 | shortwave=165 | expected=2.90234 | residual=3.17188 | neighbor_delta=-0.808594 | gmm=False | if=False | physical=False | near_gap=False | reason=FINAL_FLAG
OUTLIER | sitekey=8 | timestamp=2021-03-17 14:15:00 | hour=14 | energy=8.18359 | raw_energy=8.18359 | shortwave=754 | expected=23.2129 | residual=-15.0293 | neighbor_delta=-7.57422 | gmm=False | if=False | physical=True | near_gap=False | reason=PHYSICAL_DISTRIBUTION_JUMP
CTX-2 reason_context_for=PHYSICAL_DISTRIBUTION_JUMP | sitekey=8 | timestamp=2021-03-17 13:45:00 | hour=13 | energy=21.6484 | raw_energy=21.6484 | shortwave=754 | expected=23.2129 | residual=-1.56445 | neighbor_delta=5.89062 | gmm=False | if=False | physical=False | near_gap=False | reason=FINAL_FLAG
CTX-1 reason_context_for=PHYSICAL_DISTRIBUTION_JUMP | sitekey=8 | timestamp=2021-03-17 14:00:00 | hour=14 | energy=11.2695 | raw_energy=11.2695 | shortwave=754 | expected=23.2129 | residual=-11.9434 | neighbor_delta=-4.48828 | gmm=False | if=False | physical=False | near_gap=False | reason=FINAL_FLAG
CTX+1 reason_context_for=PHYSICAL_DISTRIBUTION_JUMP | sitekey=8 | timestamp=2021-03-17 14:30:00 | hour=14 | energy=7.48828 | raw_energy=7.48828 | shortwave=754 | expected=23.2129 | residual=-15.7246 | neighbor_delta=-6.28711 | gmm=False | if=False | physical=True | near_gap=False | reason=PHYSICAL_DISTRIBUTION_JUMP
CTX+2 reason_context_for=PHYSICAL_DISTRIBUTION_JUMP | sitekey=8 | timestamp=2021-03-17 14:45:00 | hour=14 | energy=11.5938 | raw_energy=11.5938 | shortwave=531 | expected=17.7949 | residual=-6.20117 | neighbor_delta=1.03906 | gmm=False | if=False | physical=False | near_gap=False | reason=FINAL_FLAG
OUTLIER | sitekey=8 | timestamp=2021-03-17 14:30:00 | hour=14 | energy=7.48828 | raw_energy=7.48828 | shortwave=754 | expected=23.2129 | residual=-15.7246 | neighbor_delta=-6.28711 | gmm=False | if=False | physical=True | near_gap=False | reason=PHYSICAL_DISTRIBUTION_JUMP
CTX-2 reason_context_for=PHYSICAL_DISTRIBUTION_JUMP | sitekey=8 | timestamp=2021-03-17 14:00:00 | hour=14 | energy=11.2695 | raw_energy=11.2695 | shortwave=754 | expected=23.2129 | residual=-11.9434 | neighbor_delta=-4.48828 | gmm=False | if=False | physical=False | near_gap=False | reason=FINAL_FLAG
CTX-1 reason_context_for=PHYSICAL_DISTRIBUTION_JUMP | sitekey=8 | timestamp=2021-03-17 14:15:00 | hour=14 | energy=8.18359 | raw_energy=8.18359 | shortwave=754 | expected=23.2129 | residual=-15.0293 | neighbor_delta=-7.57422 | gmm=False | if=False | physical=True | near_gap=False | reason=PHYSICAL_DISTRIBUTION_JUMP
CTX+1 reason_context_for=PHYSICAL_DISTRIBUTION_JUMP | sitekey=8 | timestamp=2021-03-17 14:45:00 | hour=14 | energy=11.5938 | raw_energy=11.5938 | shortwave=531 | expected=17.7949 | residual=-6.20117 | neighbor_delta=1.03906 | gmm=False | if=False | physical=False | near_gap=False | reason=FINAL_FLAG
CTX+2 reason_context_for=PHYSICAL_DISTRIBUTION_JUMP | sitekey=8 | timestamp=2021-03-17 15:00:00 | hour=15 | energy=9.83984 | raw_energy=9.83984 | shortwave=531 | expected=17.7949 | residual=-7.95508 | neighbor_delta=-0.330078 | gmm=False | if=False | physical=False | near_gap=False | reason=FINAL_FLAG
OUTLIER | sitekey=8 | timestamp=2021-03-23 11:30:00 | hour=11 | energy=19.5859 | raw_energy=19.5859 | shortwave=63 | expected=0.960938 | residual=18.625 | neighbor_delta=9.07812 | gmm=True | if=True | physical=True | near_gap=False | reason=GMM_IF_CONSENSUS+PHYSICAL_DISTRIBUTION_JUMP
CTX-2 reason_context_for=GMM_IF_CONSENSUS+PHYSICAL_DISTRIBUTION_JUMP | sitekey=8 | timestamp=2021-03-23 11:00:00 | hour=11 | energy=9.17188 | raw_energy=9.17188 | shortwave=63 | expected=0.960938 | residual=8.21094 | neighbor_delta=-0.556641 | gmm=False | if=True | physical=False | near_gap=False | reason=FINAL_FLAG
CTX-1 reason_context_for=GMM_IF_CONSENSUS+PHYSICAL_DISTRIBUTION_JUMP | sitekey=8 | timestamp=2021-03-23 11:15:00 | hour=11 | energy=13.3359 | raw_energy=13.3359 | shortwave=63 | expected=0.960938 | residual=12.375 | neighbor_delta=2.82812 | gmm=False | if=True | physical=False | near_gap=False | reason=FINAL_FLAG
CTX+1 reason_context_for=GMM_IF_CONSENSUS+PHYSICAL_DISTRIBUTION_JUMP | sitekey=8 | timestamp=2021-03-23 11:45:00 | hour=11 | energy=11.8438 | raw_energy=11.8438 | shortwave=251 | expected=6.45312 | residual=5.39062 | neighbor_delta=0.857422 | gmm=False | if=False | physical=False | near_gap=False | reason=FINAL_FLAG
CTX+2 reason_context_for=GMM_IF_CONSENSUS+PHYSICAL_DISTRIBUTION_JUMP | sitekey=8 | timestamp=2021-03-23 12:00:00 | hour=12 | energy=12.8008 | raw_energy=12.8008 | shortwave=251 | expected=6.45312 | residual=6.34766 | neighbor_delta=0.699219 | gmm=False | if=False | physical=False | near_gap=False | reason=FINAL_FLAG

sitekey=9 | printed_outliers=10
OUTLIER | sitekey=9 | timestamp=2020-01-06 10:45:00 | hour=10 | energy=0.211 | raw_energy=0.211 | shortwave=635 | expected=1.26877 | residual=-1.05777 | neighbor_delta=0.0375 | gmm=True | if=True | physical=False | near_gap=False | reason=GMM_IF_CONSENSUS
OUTLIER | sitekey=9 | timestamp=2020-01-06 11:00:00 | hour=11 | energy=0.167 | raw_energy=0.167 | shortwave=635 | expected=1.26877 | residual=-1.10177 | neighbor_delta=-0.0425 | gmm=True | if=True | physical=False | near_gap=False | reason=GMM_IF_CONSENSUS
OUTLIER | sitekey=9 | timestamp=2020-01-06 11:15:00 | hour=11 | energy=0.208 | raw_energy=0.208 | shortwave=635 | expected=1.26877 | residual=-1.06077 | neighbor_delta=-0.062 | gmm=True | if=True | physical=False | near_gap=False | reason=GMM_IF_CONSENSUS
OUTLIER | sitekey=9 | timestamp=2020-01-06 11:30:00 | hour=11 | energy=0.18 | raw_energy=0.18 | shortwave=635 | expected=1.26877 | residual=-1.08877 | neighbor_delta=-0.1665 | gmm=True | if=True | physical=False | near_gap=False | reason=GMM_IF_CONSENSUS
OUTLIER | sitekey=9 | timestamp=2020-01-15 15:15:00 | hour=15 | energy=0.27 | raw_energy=0.27 | shortwave=852 | expected=1.66016 | residual=-1.39016 | neighbor_delta=-1.18302 | gmm=True | if=True | physical=False | near_gap=False | reason=GMM_IF_CONSENSUS
OUTLIER | sitekey=9 | timestamp=2020-01-20 08:45:00 | hour=8 | energy=0.534 | raw_energy=0.534 | shortwave=78 | expected=0.0579427 | residual=0.476057 | neighbor_delta=0.0345 | gmm=True | if=True | physical=False | near_gap=False | reason=GMM_IF_CONSENSUS
OUTLIER | sitekey=9 | timestamp=2020-01-20 09:00:00 | hour=9 | energy=0.745 | raw_energy=0.745 | shortwave=78 | expected=0.0579427 | residual=0.687057 | neighbor_delta=0.103 | gmm=True | if=True | physical=False | near_gap=False | reason=GMM_IF_CONSENSUS
OUTLIER | sitekey=9 | timestamp=2020-01-23 13:30:00 | hour=13 | energy=0.111 | raw_energy=0.111 | shortwave=562 | expected=1.26877 | residual=-1.15777 | neighbor_delta=-0.5105 | gmm=True | if=True | physical=False | near_gap=False | reason=GMM_IF_CONSENSUS
OUTLIER | sitekey=9 | timestamp=2020-02-01 17:30:00 | hour=17 | energy=1.445 | raw_energy=1.445 | shortwave=77 | expected=0.0579427 | residual=1.38706 | neighbor_delta=0.893 | gmm=True | if=True | physical=False | near_gap=False | reason=GMM_IF_CONSENSUS
OUTLIER | sitekey=9 | timestamp=2020-03-11 16:45:00 | hour=16 | energy=1.623 | raw_energy=1.623 | shortwave=247 | expected=0.585938 | residual=1.03706 | neighbor_delta=0.3615 | gmm=True | if=True | physical=False | near_gap=False | reason=GMM_IF_CONSENSUS

                                      method  flagged_rows  pct_of_total
        gmm_if_stage1_decision_tree_segments       2731946    100.000000
           gmm_if_stage2_gmm_low_probability         26453      0.968284
              gmm_if_stage3_isolation_forest         37533      1.373856
                 gmm_if_consensus (GMM & IF)          6109      0.223613
                          physical_guardrail          1357      0.049672
final_outlier (GMM_IF OR physical_guardrail)          6891      0.252238

Wrote per-site figures + summary to /home/tandat/Desktop/Du_An_Tot_Nghiep/pictures/final_rolling_compare
CSV outputs in /home/tandat/Desktop/Du_An_Tot_Nghiep/reports/final_rolling_compare
2026-07-09 23:24:12 | INFO     | pipeline | Hoàn tất script 02_gmm_if.py

[Generate Outliers] Running 03_export_csv.py...
Outlier flag export complete
rows=2,731,946
               flag    rows  pct_of_total
gmm_if_outlier_flag    6891      0.252238
           keep_raw 2725055     99.747762
output_dir=/home/tandat/Desktop/Du_An_Tot_Nghiep/reports/outlier_flag_pipeline_gmm_if
2026-07-09 23:24:17 | INFO     | pipeline | Hoàn tất script 03_export_csv.py
2026-07-09 23:24:17 | INFO     | pipeline | [4/8] SUCCESS | Generate Outliers CSV (GMM-IF + Physical Guardrail) | 95.51s
2026-07-09 23:24:17 | INFO     | pipeline | Pipeline success | stage=generate_outliers | elapsed=95.51s

[DONE] Pipeline completed successfully.
